Customer ID,Recency,Frequency,Monetary,Cluster,Segment
12346,326,12,77556.46,2,Champions
12347,2,8,4921.53,2,Champions
12348,75,5,2019.4,3,Loyal
12349,19,4,4428.69,1,At Risk
12350,310,1,334.4,0,Lost
12351,375,1,300.93,0,Lost
12352,36,10,2849.84,2,Champions
12353,204,2,406.76,0,Lost
12354,232,1,1079.4,0,Lost
12355,214,2,947.61,3,Loyal
12356,23,6,6371.73,2,Champions
12357,33,3,18287.66,2,Champions
12358,2,5,3887.07,2,Champions
12359,58,10,8873.39,2,Champions
12360,52,8,4252.89,2,Champions
12361,287,4,511.25,3,Loyal
12362,3,11,5356.23,2,Champions
12363,110,2,552.0,0,Lost
12364,8,4,1313.1,1,At Risk
12365,291,2,641.38,0,Lost
12366,634,1,500.24,0,Lost
12367,4,1,168.9,1,At Risk
12368,628,1,917.6999999999999,0,Lost
12369,413,3,1791.15,3,Loyal
12370,51,7,4316.56,2,Champions
12371,45,5,4067.38,3,Loyal
12372,72,3,1298.04,3,Loyal
12373,311,3,1127.65,3,Loyal
12374,25,4,2989.2200000000003,1,At Risk
12375,11,2,457.5,1,At Risk
12376,390,2,503.15,0,Lost
12377,315,4,3426.32,3,Loyal
12378,130,2,5416.32,3,Loyal
12379,82,4,1620.22,3,Loyal
12380,22,11,9676.300000000001,2,Champions
12381,5,5,1845.31,1,At Risk
12383,185,5,1850.56,3,Loyal
12384,29,2,585.27,1,At Risk
12385,379,1,1938.4,3,Loyal
12386,338,2,401.9,0,Lost
12387,415,1,143.94,0,Lost
12388,16,8,3901.11,2,Champions
12389,403,3,1433.33,3,Loyal
12390,80,1,549.84,0,Lost
12391,22,6,2724.84,2,Champions
12392,591,1,234.75000000000003,0,Lost
12393,72,6,2399.4500000000003,3,Loyal
12394,64,2,1272.48,1,At Risk
12395,19,15,4721.17,2,Champions
12396,674,1,931.43,0,Lost
12397,36,2,2409.9,1,At Risk
12398,46,1,1635.6599999999999,1,At Risk
12399,119,7,1962.3,3,Loyal
12400,414,1,205.25,0,Lost
12401,303,1,84.3,0,Lost
12402,323,6,1256.9,3,Loyal
12403,50,2,1019.36,1,At Risk
12404,682,1,63.24,0,Lost
12405,149,1,1710.39,3,Loyal
12406,22,5,6390.36,2,Champions
12407,50,5,1708.1200000000001,3,Loyal
12408,33,8,4340.7699999999995,2,Champions
12409,79,7,23419.29,2,Champions
12410,309,3,1013.71,3,Loyal
12411,410,1,346.9,0,Lost
12412,75,6,2596.93,3,Loyal
12413,67,4,999.45,3,Loyal
12414,217,6,952.41,3,Loyal
12415,24,28,144458.37,2,Champions
12416,657,1,202.56,0,Lost
12417,3,20,6797.41,2,Champions
12418,113,4,2021.2,3,Loyal
12419,386,2,503.01,0,Lost
12420,64,1,600.39,1,At Risk
12421,16,6,1098.6,1,At Risk
12422,96,17,5231.8,2,Champions
12423,1,10,2622.39,2,Champions
12424,163,4,3340.03,3,Loyal
12425,78,2,1741.41,3,Loyal
12426,195,2,1345.21,3,Loyal
12427,22,3,825.8,1,At Risk
12428,26,9,7956.46,2,Champions
12429,9,8,6204.41,2,Champions
12430,43,1,256.4,1,At Risk
12431,36,27,10432.22,2,Champions
12432,43,5,5059.32,3,Loyal
12433,1,10,16794.14,2,Champions
12434,85,3,1103.43,3,Loyal
12435,80,6,13925.93,2,Champions
12436,100,1,509.01,0,Lost
12437,2,39,12683.4,2,Champions
12438,14,2,2906.85,1,At Risk
12439,683,2,1142.88,3,Loyal
12440,462,2,859.2,0,Lost
12441,367,1,173.55,0,Lost
12442,3,1,172.06,1,At Risk
12443,732,1,485.31,0,Lost
12444,21,5,5005.46,2,Champions
12445,22,2,434.98,1,At Risk
12446,58,1,1002.3100000000001,1,At Risk
12447,243,1,476.49,0,Lost
12448,44,1,449.45,1,At Risk
12449,22,6,4835.89,2,Champions
12450,156,5,688.2,3,Loyal
12451,11,8,12669.88,2,Champions
12452,17,2,430.57,1,At Risk
12453,134,1,707.09,0,Lost
12454,56,5,16679.78,2,Champions
12455,73,10,5879.95,2,Champions
12456,44,3,3181.04,3,Loyal
12457,66,8,2995.91,3,Loyal
12458,71,4,1777.49,3,Loyal
12459,605,1,454.36,0,Lost
12460,456,1,326.65,0,Lost
12461,94,2,826.88,3,Loyal
12462,19,2,1189.59,1,At Risk
12463,53,4,1344.78,3,Loyal
12464,10,8,1212.05,1,At Risk
12465,17,2,742.1899999999999,1,At Risk
12466,682,1,56.73,0,Lost
12467,423,1,132.8,0,Lost
12468,188,5,3670.74,3,Loyal
12469,523,2,3070.54,3,Loyal
12470,690,1,211.95,0,Lost
12471,2,79,39918.19,2,Champions
12472,32,19,16249.289999999999,2,Champions
12473,29,5,3928.0499999999997,2,Champions
12474,17,31,12372.75,2,Champions
12475,54,2,1149.64,1,At Risk
12476,16,23,14083.91,2,Champions
12477,23,9,20276.37,2,Champions
12478,4,1,680.99,1,At Risk
12479,11,1,527.2,1,At Risk
12480,28,7,5464.85,2,Champions
12481,23,15,12185.51,2,Champions
12482,576,29,23691.4,2,Champions
12483,17,19,5097.18,2,Champions
12484,33,12,6354.1,2,Champions
12485,529,1,708.1,0,Lost
12486,432,1,1037.28,0,Lost
12487,731,1,285.29999999999995,0,Lost
12488,10,3,1298.66,1,At Risk
12489,336,1,334.93,0,Lost
12490,5,21,9823.64,2,Champions
12491,39,1,460.40000000000003,1,At Risk
12492,63,3,715.21,1,At Risk
12493,166,2,433.74,0,Lost
12494,16,9,1815.27,2,Champions
12495,641,1,357.4,0,Lost
12496,620,2,45.34,0,Lost
12497,82,3,6248.5,3,Loyal
12498,21,3,403.70000000000005,1,At Risk
12499,560,1,393.72,0,Lost
12500,23,19,5955.21,2,Champions
12501,337,1,2169.39,3,Loyal
12502,96,5,3723.87,3,Loyal
12503,584,1,1126.0,0,Lost
12504,18,4,779.05,1,At Risk
12505,409,1,955.2,0,Lost
12506,233,1,73.5,0,Lost
12507,134,4,1844.06,3,Loyal
12508,26,2,397.88,1,At Risk
12509,284,1,176.5,0,Lost
12510,143,9,5178.02,3,Loyal
12511,429,1,3084.02,3,Loyal
12512,66,2,132.18,0,Lost
12513,113,1,612.29,0,Lost
12514,267,2,1597.76,3,Loyal
12515,353,1,383.7,0,Lost
12516,78,4,2648.62,3,Loyal
12517,28,5,2481.6,1,At Risk
12518,1,5,2056.89,1,At Risk
12519,64,2,716.54,1,At Risk
12520,79,5,2634.26,3,Loyal
12521,143,1,599.68,0,Lost
12522,39,2,192.72,1,At Risk
12523,19,23,4352.35,2,Champions
12524,9,17,11126.11,2,Champions
12525,498,3,973.73,3,Loyal
12526,1,3,1316.66,1,At Risk
12527,82,5,735.51,3,Loyal
12528,9,6,1933.48,1,At Risk
12529,528,1,316.48,0,Lost
12530,60,9,3759.26,2,Champions
12531,15,2,1933.2,1,At Risk
12532,30,1,349.83000000000004,1,At Risk
12533,628,2,1367.89,3,Loyal
12534,131,1,1089.18,0,Lost
12535,92,2,716.35,1,At Risk
12536,43,3,12601.830000000002,3,Loyal
12537,409,1,732.94,0,Lost
12538,29,2,640.45,1,At Risk
12539,22,7,11214.75,2,Champions
12540,20,33,22254.49,2,Champions
12541,30,3,981.18,1,At Risk
12542,484,2,481.88,0,Lost
12543,448,1,980.25,0,Lost
12544,36,1,372.7,1,At Risk
12545,75,2,1000.39,1,At Risk
12546,47,2,1161.5,1,At Risk
12547,198,3,383.58,0,Lost
12548,166,1,95.19999999999999,0,Lost
12549,576,6,1575.68,3,Loyal
12550,79,1,964.83,1,At Risk
12551,358,1,168.0,0,Lost
12552,39,2,437.82,1,At Risk
12553,8,12,4608.75,2,Champions
12554,449,1,468.5,0,Lost
12555,682,1,129.23,0,Lost
12556,50,2,599.56,1,At Risk
12557,16,8,18096.14,2,Champions
12558,8,1,269.96,1,At Risk
12559,311,2,561.71,0,Lost
12560,5,3,2134.01,1,At Risk
12561,303,1,238.85,0,Lost
12562,8,9,4966.92,2,Champions
12563,409,1,249.24,0,Lost
12564,261,1,456.9,0,Lost
12565,289,1,145.92,0,Lost
12566,86,1,351.65,0,Lost
12567,23,15,11767.48,2,Champions
12568,645,1,70.0,0,Lost
12569,2,32,4124.69,2,Champions
12570,682,1,77.52,0,Lost
12571,40,2,519.61,1,At Risk
12572,9,2,1020.42,1,At Risk
12573,227,5,717.41,3,Loyal
12574,316,1,218.45,0,Lost
12575,457,2,622.8199999999999,0,Lost
12576,36,8,2142.72,2,Champions
12577,35,8,1617.1,3,Loyal
12578,21,4,4642.45,1,At Risk
12579,78,1,440.42,0,Lost
12580,247,2,1052.9,3,Loyal
12581,40,1,197.71,1,At Risk
12582,239,4,1980.4,3,Loyal
12583,3,27,13591.58,2,Champions
12584,4,9,2338.15,2,Champions
12585,234,2,2040.1,3,Loyal
12586,17,4,2062.67,1,At Risk
12587,8,1,144.0,1,At Risk
12588,39,4,958.78,1,At Risk
12589,29,8,4695.66,2,Champions
12590,211,2,9864.26,3,Loyal
12591,317,3,1338.95,3,Loyal
12592,92,5,2582.66,3,Loyal
12593,109,3,418.09999999999997,0,Lost
12594,38,15,5090.110000000001,2,Champions
12595,505,1,299.02,0,Lost
12596,51,2,618.27,1,At Risk
12597,19,4,3811.22,1,At Risk
12598,10,11,4534.09,2,Champions
12599,29,13,2296.72,2,Champions
12600,29,21,4967.42,2,Champions
12601,190,6,681.26,3,Loyal
12602,59,1,153.12,0,Lost
12603,22,1,739.1999999999999,1,At Risk
12604,79,2,254.18,0,Lost
12605,376,4,1232.95,3,Loyal
12606,682,1,21.0,0,Lost
12607,60,1,1579.51,1,At Risk
12608,405,1,415.79,0,Lost
12609,78,9,3435.86,3,Loyal
12610,23,5,2099.54,1,At Risk
12611,52,1,1193.32,1,At Risk
12612,74,1,704.0400000000001,1,At Risk
12613,57,10,6817.37,2,Champions
12614,278,1,315.6,0,Lost
12615,2,8,5740.98,2,Champions
12616,95,3,1131.1,3,Loyal
12617,29,1,352.98,1,At Risk
12618,22,1,177.31,1,At Risk
12619,16,10,3781.38,2,Champions
12620,15,3,1339.41,1,At Risk
12621,2,35,24311.2,2,Champions
12622,232,1,180.1,0,Lost
12623,276,7,3747.84,3,Loyal
12624,106,2,641.13,3,Loyal
12625,212,4,5164.88,3,Loyal
12626,23,9,6620.48,2,Champions
12627,11,7,4478.53,2,Champions
12628,4,3,786.46,1,At Risk
12629,386,2,1558.22,3,Loyal
12630,10,2,1270.88,1,At Risk
12631,57,6,3481.57,3,Loyal
12632,521,2,804.88,0,Lost
12633,59,7,5678.16,2,Champions
12634,536,2,490.0,0,Lost
12635,90,4,2930.41,3,Loyal
12636,739,1,141.0,0,Lost
12637,67,12,8283.81,2,Champions
12638,33,2,921.49,1,At Risk
12639,239,3,1312.37,3,Loyal
12640,24,3,1174.58,1,At Risk
12641,115,1,185.9,0,Lost
12642,25,3,1013.26,1,At Risk
12643,128,12,8304.82,2,Champions
12644,130,4,1918.49,3,Loyal
12645,34,8,3539.3,2,Champions
12646,5,2,1346.97,1,At Risk
12647,22,36,16955.55,2,Champions
12648,155,4,1112.0,3,Loyal
12649,107,8,2294.65,3,Loyal
12650,3,1,314.44,1,At Risk
12651,335,4,377.75,0,Lost
12652,331,2,1017.03,3,Loyal
12653,149,3,4160.83,3,Loyal
12654,11,5,601.98,1,At Risk
12655,424,1,261.35,0,Lost
12656,17,8,6407.83,2,Champions
12657,11,4,1643.18,1,At Risk
12658,19,1,686.05,1,At Risk
12659,30,1,91.68,1,At Risk
12660,11,1,245.1,1,At Risk
12661,436,1,162.0,0,Lost
12662,1,20,6726.54,2,Champions
12663,625,2,239.4,0,Lost
12664,8,11,6070.04,2,Champions
12665,325,3,313.6,0,Lost
12666,394,1,1248.42,0,Lost
12667,58,1,620.13,1,At Risk
12668,12,10,11383.03,2,Champions
12669,151,3,2744.0299999999997,3,Loyal
12670,10,7,3760.29,2,Champions
12671,606,1,2622.481,3,Loyal
12672,330,2,437.05,0,Lost
12673,5,3,1230.02,1,At Risk
12674,39,4,1970.6,1,At Risk
12675,554,2,957.25,0,Lost
12676,25,11,2843.09,2,Champions
12677,555,2,395.1,0,Lost
12678,42,21,34281.18,2,Champions
12679,59,4,1113.02,3,Loyal
12680,1,4,880.81,1,At Risk
12681,15,45,29834.76,2,Champions
12682,4,52,22950.22,2,Champions
12683,4,21,11633.7,2,Champions
12684,8,7,2283.63,2,Champions
12685,28,6,2863.08,2,Champions
12686,372,1,89.14,0,Lost
12687,481,2,2138.91,3,Loyal
12688,114,1,4873.8099999999995,3,Loyal
12689,26,2,1247.61,1,At Risk
12690,206,1,389.01,0,Lost
12691,28,7,1170.4,1,At Risk
12692,637,1,110.95,0,Lost
12693,127,7,1703.02,3,Loyal
12694,70,3,1843.35,3,Loyal
12695,7,7,1407.1200000000001,1,At Risk
12696,435,2,851.91,0,Lost
12697,29,3,957.59,1,At Risk
12698,590,1,339.75,0,Lost
12699,418,1,638.11,0,Lost
12700,8,4,4939.99,2,Champions
12701,80,6,2446.41,3,Loyal
12702,20,1,219.0,1,At Risk
12703,71,4,1006.53,3,Loyal
12704,7,8,2340.84,2,Champions
12705,15,14,11762.1,2,Champions
12707,292,1,603.42,0,Lost
12708,30,18,5117.66,2,Champions
12709,15,34,30291.76,2,Champions
12710,97,3,1149.02,3,Loyal
12711,612,2,1339.05,3,Loyal
12712,29,21,6723.03,2,Champions
12713,1,1,848.55,1,At Risk
12714,9,12,14093.71,2,Champions
12715,106,1,343.36,0,Lost
12716,4,2,1053.49,1,At Risk
12717,151,3,1308.91,3,Loyal
12718,71,1,238.25,0,Lost
12719,5,2,644.95,1,At Risk
12720,3,30,7787.28,2,Champions
12721,32,8,4013.08,2,Champions
12722,85,4,997.63,3,Loyal
12723,4,5,725.07,1,At Risk
12724,5,7,2317.52,2,Champions
12725,371,4,2266.76,3,Loyal
12726,28,11,4014.6,2,Champions
12727,11,10,5679.53,2,Champions
12728,71,5,1070.17,3,Loyal
12729,114,1,453.01,0,Lost
12730,522,1,829.25,0,Lost
12731,24,17,25775.71,2,Champions
12732,180,1,236.26000000000002,0,Lost
12733,234,4,2424.87,3,Loyal
12734,353,3,639.65,3,Loyal
12735,315,2,779.5699999999999,0,Lost
12736,333,1,234.0,0,Lost
12737,499,2,3710.5,3,Loyal
12738,372,1,155.35,0,Lost
12739,78,4,2726.73,3,Loyal
12740,64,1,427.6,1,At Risk
12741,529,2,406.07,0,Lost
12742,626,1,1201.52,0,Lost
12743,134,2,540.13,0,Lost
12744,52,11,25317.06,2,Champions
12745,487,3,925.41,3,Loyal
12746,541,1,254.55,0,Lost
12747,2,26,8898.48,2,Champions
12748,1,336,53539.64,2,Champions
12749,4,9,6897.36,2,Champions
12750,129,1,275.88,0,Lost
12751,445,1,268.27,0,Lost
12752,81,1,4366.78,3,Loyal
12753,23,6,21429.39,2,Champions
12754,236,3,3010.74,3,Loyal
12755,281,11,5236.259999999999,3,Loyal
12756,87,1,112.07999999999998,0,Lost
12757,16,13,7834.650000000001,2,Champions
12758,117,7,9903.24,3,Loyal
12759,52,8,5020.74,2,Champions
12760,456,1,347.8,0,Lost
12761,458,2,782.95,0,Lost
12762,8,2,1898.52,1,At Risk
12763,138,2,494.08,0,Lost
12764,317,1,1693.88,3,Loyal
12765,472,6,1404.58,3,Loyal
12766,4,9,8918.99,2,Champions
12767,376,1,949.82,0,Lost
12768,451,1,168.69000000000003,0,Lost
12769,239,1,1143.6,0,Lost
12770,211,2,3246.45,3,Loyal
12771,486,1,282.3,0,Lost
12772,60,1,892.47,1,At Risk
12773,564,1,124.25,0,Lost
12774,536,1,98.7,0,Lost
12775,17,7,1686.12,1,At Risk
12776,668,1,55.5,0,Lost
12777,458,1,519.45,0,Lost
12778,20,9,1775.68,2,Champions
12779,38,14,6474.11,2,Champions
12780,599,1,337.4,0,Lost
12781,64,2,826.74,1,At Risk
12782,5,11,4618.24,2,Champions
12783,2,6,2225.91,2,Champions
12784,9,3,1763.15,1,At Risk
12785,364,3,1100.4,3,Loyal
12786,610,1,728.5,0,Lost
12787,10,4,862.18,1,At Risk
12788,463,4,444.9,0,Lost
12789,65,3,273.35,1,At Risk
12790,192,2,591.85,0,Lost
12791,374,6,863.51,3,Loyal
12792,257,2,827.01,3,Loyal
12793,335,3,885.53,3,Loyal
12794,53,2,860.41,1,At Risk
12795,19,1,430.48,1,At Risk
12796,628,1,381.0,0,Lost
12797,366,2,552.08,0,Lost
12798,10,4,8510.93,2,Champions
12799,529,1,219.35,0,Lost
12800,470,3,584.25,0,Lost
12801,501,1,1071.82,0,Lost
12802,187,7,2416.42,3,Loyal
12803,393,1,1092.81,0,Lost
12804,466,2,325.37,0,Lost
12805,382,4,1434.95,3,Loyal
12806,435,4,2878.96,3,Loyal
12807,383,1,330.35,0,Lost
12808,37,5,776.7,1,At Risk
12809,178,3,1755.94,3,Loyal
12810,535,2,534.99,0,Lost
12811,261,5,1033.9,3,Loyal
12812,45,1,229.64000000000001,1,At Risk
12813,502,3,1687.8,3,Loyal
12814,102,1,125.92,0,Lost
12815,148,2,1063.46,3,Loyal
12816,96,2,572.2,1,At Risk
12817,281,3,690.98,3,Loyal
12818,262,1,1542.08,3,Loyal
12819,458,1,540.52,0,Lost
12820,3,11,2689.52,2,Champions
12821,214,2,220.8,0,Lost
12822,71,2,948.88,1,At Risk
12823,75,18,6501.5,2,Champions
12824,60,1,397.12,1,At Risk
12825,521,2,518.63,0,Lost
12826,3,12,2800.75,2,Champions
12827,6,3,430.15000000000003,1,At Risk
12828,3,6,1018.71,1,At Risk
12829,337,3,385.3,0,Lost
12830,38,6,6814.64,2,Champions
12831,262,3,451.11,0,Lost
12832,32,2,383.03,1,At Risk
12833,145,1,417.38,0,Lost
12834,283,1,312.38,0,Lost
12835,428,41,5996.83,2,Champions
12836,59,15,6559.7300000000005,2,Champions
12837,173,2,662.66,0,Lost
12838,34,10,2975.91,2,Champions
12839,3,26,9669.12,2,Champions
12840,144,7,4041.97,3,Loyal
12841,5,40,6958.2,2,Champions
12842,70,4,1917.99,3,Loyal
12843,66,30,6583.36,2,Champions
12844,29,4,648.6,1,At Risk
12845,267,4,354.09,0,Lost
12846,682,1,15.58,0,Lost
12847,22,2,1609.0,1,At Risk
12848,676,1,208.0,0,Lost
12849,31,6,3042.47,2,Champions
12850,446,1,330.0,0,Lost
12851,97,2,280.76,0,Lost
12852,295,1,311.55,0,Lost
12853,135,11,3907.5,3,Loyal
12854,79,7,2970.9700000000003,3,Loyal
12855,373,4,612.84,3,Loyal
12856,8,6,2170.78,1,At Risk
12857,211,6,3688.0,3,Loyal
12858,383,1,147.27,0,Lost
12859,459,1,575.1,0,Lost
12860,693,1,54.22,0,Lost
12861,620,1,68.25,0,Lost
12862,426,2,984.62,3,Loyal
12863,52,6,2792.5499999999997,3,Loyal
12864,138,2,299.57,0,Lost
12865,26,4,3323.47,1,At Risk
12866,283,3,1227.35,3,Loyal
12867,26,13,7829.26,2,Champions
12868,186,8,2043.76,3,Loyal
12869,682,1,337.66999999999996,0,Lost
12870,375,3,1676.95,3,Loyal
12871,84,3,744.02,3,Loyal
12872,327,12,3283.96,3,Loyal
12873,282,3,2027.3,3,Loyal
12874,385,2,948.42,3,Loyal
12875,143,5,1356.99,3,Loyal
12876,58,4,4081.79,3,Loyal
12877,4,20,2942.14,2,Champions
12878,236,2,854.99,3,Loyal
12879,45,3,573.22,1,At Risk
12880,382,2,640.13,0,Lost
12881,276,1,298.0,0,Lost
12882,9,2,1463.04,1,At Risk
12883,25,4,703.47,1,At Risk
12884,88,1,309.05,0,Lost
12885,63,3,1175.22,3,Loyal
12886,68,2,1378.4,1,At Risk
12887,384,1,222.4,0,Lost
12888,214,2,354.12,0,Lost
12889,381,4,385.46000000000004,0,Lost
12890,24,2,706.02,1,At Risk
12891,186,11,840.5,3,Loyal
12892,397,1,263.38,0,Lost
12893,31,1,176.55,1,At Risk
12894,575,1,157.35,0,Lost
12895,42,2,372.8,1,At Risk
12897,205,4,514.25,3,Loyal
12898,464,2,296.21000000000004,0,Lost
12899,414,1,366.4,0,Lost
12900,422,1,340.33,0,Lost
12901,9,28,17654.54,2,Champions
12902,265,1,138.68,0,Lost
12903,429,1,833.53,0,Lost
12904,18,2,496.06,1,At Risk
12905,577,2,1018.42,3,Loyal
12906,12,5,2919.81,1,At Risk
12907,396,2,508.91,0,Lost
12908,176,5,1776.0,3,Loyal
12909,40,8,3103.19,2,Champions
12910,23,13,5796.52,2,Champions
12911,552,1,1651.72,0,Lost
12912,3,5,1662.3,1,At Risk
12913,5,13,6283.24,2,Champions
12914,401,1,223.98,0,Lost
12915,149,4,975.1,3,Loyal
12916,139,7,4479.73,3,Loyal
12917,128,6,4359.2,3,Loyal
12918,626,1,10953.5,3,Loyal
12919,8,6,1335.19,1,At Risk
12920,17,4,486.64,1,At Risk
12921,9,74,35233.24,2,Champions
12922,161,1,405.38,0,Lost
12923,64,3,770.42,1,At Risk
12924,88,12,2469.4,3,Loyal
12925,5,3,729.3299999999999,1,At Risk
12926,411,4,1523.97,3,Loyal
12927,395,1,197.31,0,Lost
12928,35,12,4304.89,2,Champions
12929,312,1,117.85,0,Lost
12930,78,2,415.8,1,At Risk
12931,22,57,92347.34,2,Champions
12932,539,8,1698.56,3,Loyal
12933,24,8,1636.6299999999999,2,Champions
12934,737,1,181.65,0,Lost
12935,2,15,4243.86,2,Champions
12936,17,4,1063.9,1,At Risk
12937,15,9,3097.61,2,Champions
12938,26,1,114.14,1,At Risk
12939,64,20,25264.8,2,Champions
12940,55,2,899.69,1,At Risk
12941,724,1,377.49,0,Lost
12942,131,3,675.6,3,Loyal
12943,558,2,496.5,0,Lost
12944,36,2,604.51,1,At Risk
12945,288,2,900.11,3,Loyal
12946,437,1,324.45,0,Lost
12947,144,6,1603.99,3,Loyal
12948,16,9,2317.43,2,Champions
12949,31,22,15526.7,2,Champions
12950,2,3,1843.0,1,At Risk
12951,9,15,3213.7200000000003,2,Champions
12952,6,4,1387.79,1,At Risk
12953,10,2,828.8100000000001,1,At Risk
12954,639,1,162.45,0,Lost
12955,1,11,4757.16,2,Champions
12956,306,4,521.89,3,Loyal
12957,10,13,8706.97,2,Champions
12958,400,2,467.34,0,Lost
12959,484,1,150.95,0,Lost
12960,414,4,1322.07,3,Loyal
12961,379,1,211.99,0,Lost
12962,7,2,266.39,1,At Risk
12963,8,12,3235.79,2,Champions
12964,437,1,132.24,0,Lost
12965,89,1,769.8100000000001,0,Lost
12966,10,1,160.18,1,At Risk
12967,358,3,2938.52,3,Loyal
12968,112,1,135.95,0,Lost
12969,603,1,122.45,0,Lost
12970,7,10,1453.6,2,Champions
12971,4,116,15704.6,2,Champions
12972,414,4,1161.2,3,Loyal
12973,414,1,385.55,0,Lost
12974,198,2,408.95,0,Lost
12975,437,6,2100.09,3,Loyal
12976,212,8,3156.38,3,Loyal
12977,156,4,513.88,3,Loyal
12978,385,5,2502.82,3,Loyal
12979,729,1,517.7,0,Lost
12980,158,21,16245.78,2,Champions
12981,30,2,372.21999999999997,1,At Risk
12982,243,8,2744.81,3,Loyal
12983,598,1,490.08000000000004,0,Lost
12984,19,1,97.5,1,At Risk
12985,1,2,1239.38,1,At Risk
12986,429,10,2729.84,3,Loyal
12987,74,5,1312.21,3,Loyal
12988,292,1,505.82,0,Lost
12989,3,33,13551.75,2,Champions
12990,31,7,955.5,1,At Risk
12991,23,3,764.82,1,At Risk
12992,725,1,93.35000000000001,0,Lost
12993,23,8,1259.6299999999999,1,At Risk
12994,4,3,974.4200000000001,1,At Risk
12995,85,1,211.32,0,Lost
12996,376,1,355.5,0,Lost
12997,22,8,2110.91,2,Champions
12998,493,3,920.08,3,Loyal
12999,196,3,455.88,0,Lost
13000,107,4,1032.5,3,Loyal
13001,4,33,24042.65,2,Champions
13002,318,3,414.13,0,Lost
13003,106,3,149.05,0,Lost
13004,12,36,11650.85,2,Champions
13005,174,4,999.68,3,Loyal
13006,56,1,81.57,0,Lost
13007,580,1,175.25,0,Lost
13008,323,3,612.13,3,Loyal
13009,673,1,234.0,0,Lost
13010,374,2,330.12,0,Lost
13011,372,1,50.550000000000004,0,Lost
13012,9,11,2957.83,2,Champions
13013,1,29,11097.43,2,Champions
13014,11,11,5381.08,2,Champions
13015,53,11,6579.78,2,Champions
13016,73,3,789.89,1,At Risk
13017,7,1,204.0,1,At Risk
13018,16,35,9763.16,2,Champions
13019,379,6,1229.95,3,Loyal
13020,563,2,618.96,0,Lost
13021,4,17,4887.24,2,Champions
13022,430,1,65.3,0,Lost
13023,64,3,1449.03,3,Loyal
13024,471,2,555.87,0,Lost
13025,732,1,323.39,0,Lost
13026,1,9,1733.08,2,Champions
13027,114,19,17239.2,2,Champions
13028,23,2,661.3199999999999,1,At Risk
13029,31,5,1927.3,1,At Risk
13030,11,2,752.4399999999999,1,At Risk
13031,407,5,3292.84,3,Loyal
13032,52,9,2815.96,2,Champions
13033,357,2,220.55,0,Lost
13034,55,3,756.82,1,At Risk
13035,74,3,1364.2,3,Loyal
13036,685,1,307.1,0,Lost
13037,138,12,3914.9500000000003,3,Loyal
13038,80,3,908.46,3,Loyal
13039,584,4,1010.73,3,Loyal
13040,9,2,676.99,1,At Risk
13041,451,4,799.13,3,Loyal
13042,598,3,1488.59,3,Loyal
13043,273,1,516.42,0,Lost
13044,291,11,4848.05,3,Loyal
13045,99,3,808.92,3,Loyal
13046,31,3,949.25,1,At Risk
13047,32,24,8428.53,2,Champions
13048,14,9,4049.13,2,Champions
13049,64,4,1408.24,3,Loyal
13050,15,35,11986.52,2,Champions
13051,579,2,155.8,0,Lost
13052,212,7,3119.33,3,Loyal
13053,622,1,127.65,0,Lost
13055,78,4,2321.11,3,Loyal
13056,551,1,209.48,0,Lost
13057,530,3,709.59,3,Loyal
13058,25,3,271.40000000000003,1,At Risk
13059,250,10,2291.77,3,Loyal
13060,254,1,307.53,0,Lost
13061,72,1,248.61,0,Lost
13062,191,1,346.98,0,Lost
13063,481,1,188.4,0,Lost
13064,13,6,1666.8400000000001,1,At Risk
13065,373,5,1055.05,3,Loyal
13066,24,2,470.8,1,At Risk
13067,82,3,508.51,1,At Risk
13068,10,2,344.0,1,At Risk
13069,1,38,9284.45,2,Champions
13070,192,4,751.7,3,Loyal
13071,612,1,129.22,0,Lost
13072,267,1,177.15,0,Lost
13073,411,2,418.08,0,Lost
13074,511,4,1378.74,3,Loyal
13075,130,1,919.61,0,Lost
13076,458,1,135.4,0,Lost
13077,1,11,2740.65,2,Champions
13078,3,57,29018.06,2,Champions
13079,4,6,419.18,1,At Risk
13080,179,4,280.73,0,Lost
13081,12,28,56838.37,2,Champions
13082,126,21,7335.75,2,Champions
13083,4,3,395.43,1,At Risk
13084,492,1,122.39999999999999,0,Lost
13085,158,8,2433.28,3,Loyal
13086,383,1,439.33000000000004,0,Lost
13087,726,1,313.64,0,Lost
13088,417,1,236.11,0,Lost
13089,3,203,113416.91,2,Champions
13090,9,24,13091.74,2,Champions
13091,28,3,2321.82,1,At Risk
13092,71,12,2140.28,3,Loyal
13093,276,55,54144.25,2,Champions
13094,21,13,2209.44,2,Champions
13095,71,1,74.39999999999999,0,Lost
13096,394,1,419.70000000000005,0,Lost
13097,33,28,13324.1,2,Champions
13098,1,28,28882.44,2,Champions
13099,99,1,207.35999999999999,0,Lost
13101,234,4,695.4,3,Loyal
13102,1,37,11380.1,2,Champions
13103,40,3,709.64,1,At Risk
13104,3,9,1709.1,2,Champions
13105,436,1,72.0,0,Lost
13106,133,2,603.46,0,Lost
13107,44,9,5253.07,2,Champions
13108,373,2,748.46,0,Lost
13109,60,3,1134.03,1,At Risk
13110,31,12,2957.4700000000003,2,Champions
13111,719,1,321.88000000000005,0,Lost
13112,541,1,20.6,0,Lost
13113,1,37,18230.07,2,Champions
13114,731,1,234.38,0,Lost
13115,12,10,5494.7,2,Champions
13116,138,1,501.14,0,Lost
13117,22,18,2255.66,2,Champions
13118,20,9,2415.41,2,Champions
13119,669,1,134.9,0,Lost
13120,239,1,30.599999999999998,0,Lost
13121,269,1,283.73,0,Lost
13122,94,2,922.39,3,Loyal
13123,473,2,506.75,0,Lost
13124,90,4,4641.66,3,Loyal
13125,524,1,148.62,0,Lost
13126,5,13,3774.81,2,Champions
13127,78,1,259.17,0,Lost
13128,631,1,263.5,0,Lost
13129,452,2,233.25,0,Lost
13130,94,1,64.0,0,Lost
13131,23,7,3313.77,2,Champions
13132,262,1,77.3,0,Lost
13133,274,3,200.45000000000002,0,Lost
13134,86,6,2475.23,3,Loyal
13135,197,2,3371.45,3,Loyal
13136,56,13,6274.56,2,Champions
13137,11,16,7586.94,2,Champions
13138,22,7,1274.01,1,At Risk
13139,16,8,8202.98,2,Champions
13140,108,5,1054.92,3,Loyal
13141,85,17,7656.08,2,Champions
13142,19,1,307.09,1,At Risk
13143,585,1,405.1,0,Lost
13144,333,2,135.35,0,Lost
13145,40,7,1128.52,3,Loyal
13146,26,1,228.91,1,At Risk
13147,10,4,712.8000000000001,1,At Risk
13148,29,26,8497.82,2,Champions
13149,14,4,1676.06,1,At Risk
13150,484,3,449.96999999999997,0,Lost
13151,296,3,2465.21,3,Loyal
13152,417,7,2146.38,3,Loyal
13153,6,1,486.22,1,At Risk
13154,399,3,1624.84,3,Loyal
13155,33,6,1370.48,1,At Risk
13156,385,3,1586.54,3,Loyal
13157,49,9,5687.36,2,Champions
13158,95,5,1508.18,3,Loyal
13159,9,4,1429.35,1,At Risk
13160,22,1,91.8,1,At Risk
13161,313,2,472.13,0,Lost
13162,122,16,9275.49,2,Champions
13163,610,1,17.65,0,Lost
13164,569,2,372.2,0,Lost
13165,46,3,1451.16,1,At Risk
13166,283,2,875.93,3,Loyal
13167,19,5,1125.15,1,At Risk
13168,36,5,1840.73,1,At Risk
13169,64,3,840.08,1,At Risk
13170,27,1,108.81,1,At Risk
13171,22,3,468.41,1,At Risk
13172,400,1,69.6,0,Lost
13173,4,11,2399.82,2,Champions
13174,16,12,7995.36,2,Champions
13175,582,2,831.45,0,Lost
13176,46,1,481.49,1,At Risk
13177,65,2,512.2,1,At Risk
13178,26,21,14059.19,2,Champions
13179,619,1,572.3100000000001,0,Lost
13180,607,1,86.10000000000001,0,Lost
13181,381,1,359.69,0,Lost
13182,45,1,121.18,0,Lost
13183,8,15,7036.18,2,Champions
13184,15,10,1668.95,2,Champions
13185,268,1,71.4,0,Lost
13186,40,3,1575.89,1,At Risk
13187,337,4,341.36,0,Lost
13188,11,1,114.60000000000001,1,At Risk
13189,19,2,260.68,1,At Risk
13190,544,3,570.66,0,Lost
13191,658,1,164.69,0,Lost
13192,95,6,2558.58,3,Loyal
13193,61,1,112.08,0,Lost
13194,136,2,472.78,0,Lost
13195,414,1,136.73,0,Lost
13196,11,7,3068.84,2,Champions
13197,610,1,373.01000000000005,0,Lost
13198,10,8,4974.2300000000005,2,Champions
13199,4,67,15964.210000000001,2,Champions
13200,19,4,870.09,1,At Risk
13201,502,4,1233.06,3,Loyal
13202,394,7,1580.3,3,Loyal
13203,10,10,2648.25,2,Champions
13204,731,1,966.6600000000001,0,Lost
13205,443,1,2803.2,3,Loyal
13206,400,13,8308.19,3,Loyal
13207,15,4,535.86,1,At Risk
13208,59,9,1976.3,3,Loyal
13209,30,13,8509.51,2,Champions
13210,94,1,353.48,0,Lost
13211,10,10,2618.77,2,Champions
13212,20,3,786.83,1,At Risk
13213,57,11,3851.52,2,Champions
13214,418,7,3264.23,3,Loyal
13215,402,1,81.6,0,Lost
13216,268,1,333.74,0,Lost
13217,122,4,666.48,3,Loyal
13218,127,1,62.63999999999999,0,Lost
13219,618,1,76.23,0,Lost
13220,78,5,1336.0900000000001,3,Loyal
13221,240,2,847.41,3,Loyal
13222,577,1,88.5,0,Lost
13223,200,6,969.1200000000001,3,Loyal
13224,60,2,2155.95,3,Loyal
13225,3,16,16260.07,2,Champions
13226,273,2,312.46,0,Lost
13227,202,1,257.7,0,Lost
13228,81,1,358.0,0,Lost
13229,226,1,160.95,0,Lost
13230,4,30,6120.01,2,Champions
13232,13,7,1328.35,1,At Risk
13233,74,4,1176.46,3,Loyal
13234,673,2,346.5,0,Lost
13235,212,1,1031.07,0,Lost
13236,25,2,744.85,1,At Risk
13237,388,1,643.0,0,Lost
13238,17,6,1006.63,1,At Risk
13239,262,5,1594.69,3,Loyal
13240,96,8,1475.79,3,Loyal
13241,412,1,112.53,0,Lost
13242,112,7,699.4,3,Loyal
13243,203,5,1220.38,3,Loyal
13244,93,1,121.74000000000001,0,Lost
13245,51,2,989.22,1,At Risk
13246,18,11,3351.75,2,Champions
13247,18,4,501.12,1,At Risk
13248,125,2,465.68,0,Lost
13249,92,9,1608.93,3,Loyal
13250,461,2,253.09,0,Lost
13251,402,1,252.68,0,Lost
13252,394,2,399.3,0,Lost
13253,157,4,2951.11,3,Loyal
13254,376,1,51.410000000000004,0,Lost
13255,9,3,678.76,1,At Risk
13257,436,1,149.75,0,Lost
13258,12,5,1009.43,1,At Risk
13259,62,9,1402.54,3,Loyal
13260,61,1,557.62,1,At Risk
13261,269,2,944.1,3,Loyal
13262,263,3,573.45,3,Loyal
13263,1,39,8676.2,2,Champions
13264,443,1,722.5600000000001,0,Lost
13265,53,5,2092.66,3,Loyal
13266,11,19,6135.04,2,Champions
13267,3,36,9429.81,2,Champions
13268,18,11,3174.75,2,Champions
13269,1,28,8537.32,2,Champions
13270,366,1,590.0,0,Lost
13271,37,1,211.49,1,At Risk
13272,31,2,276.56,1,At Risk
13273,113,1,138.98,0,Lost
13274,409,1,360.85,0,Lost
13275,384,2,238.86,0,Lost
13276,64,5,1891.91,3,Loyal
13277,16,7,523.3,1,At Risk
13278,41,4,1435.85,1,At Risk
13279,78,1,137.75,0,Lost
13280,122,7,2293.33,3,Loyal
13281,439,1,350.85,0,Lost
13282,18,4,1313.19,1,At Risk
13283,60,4,373.36,1,At Risk
13284,331,1,201.19,0,Lost
13285,23,6,3364.59,2,Champions
13286,600,1,734.91,0,Lost
13287,603,3,781.59,3,Loyal
13288,443,5,927.61,3,Loyal
13289,724,1,307.95,0,Lost
13290,438,1,208.63,0,Lost
13291,156,11,3270.79,3,Loyal
13292,39,5,994.51,1,At Risk
13293,392,6,1192.94,3,Loyal
13294,190,3,1689.53,3,Loyal
13295,360,4,1101.97,3,Loyal
13296,137,6,792.51,3,Loyal
13297,8,7,4368.62,2,Champions
13298,1,1,360.0,1,At Risk
13299,268,3,1218.7,3,Loyal
13300,169,3,1285.51,3,Loyal
13301,104,4,618.09,3,Loyal
13302,155,2,159.2,0,Lost
13303,400,1,61.72,0,Lost
13304,351,4,1217.99,3,Loyal
13305,4,16,3616.41,2,Champions
13306,430,1,53.65,0,Lost
13307,120,3,273.34,0,Lost
13308,23,4,1670.3700000000001,1,At Risk
13309,7,6,1706.3700000000001,1,At Risk
13310,28,5,1541.2,1,At Risk
13311,4,2,598.57,1,At Risk
13312,451,1,124.75,0,Lost
13313,22,12,3445.32,2,Champions
13314,2,3,775.94,1,At Risk
13315,689,1,310.26,0,Lost
13316,37,10,12940.82,2,Champions
13317,66,19,6486.091,2,Champions
13318,1,3,640.76,1,At Risk
13319,5,58,21323.22,2,Champions
13320,78,6,2211.6,3,Loyal
13321,72,2,567.36,1,At Risk
13322,17,1,199.48000000000002,1,At Risk
13323,3,5,787.85,1,At Risk
13324,36,18,10513.47,2,Champions
13325,82,1,675.3,1,At Risk
13326,432,1,281.76,0,Lost
13327,39,20,9134.48,2,Champions
13328,316,1,1308.48,0,Lost
13329,32,8,4808.77,2,Champions
13330,93,6,2796.1,3,Loyal
13331,402,1,262.4,0,Lost
13332,14,1,350.9,1,At Risk
13333,411,3,1015.74,3,Loyal
13334,82,5,6201.8,3,Loyal
13336,77,1,795.12,1,At Risk
13337,546,1,1575.26,0,Lost
13338,158,4,2445.62,3,Loyal
13339,201,1,860.12,0,Lost
13340,45,12,22100.56,2,Champions
13341,261,1,775.85,0,Lost
13343,178,1,353.43,0,Lost
13344,68,3,2511.69,3,Loyal
13345,288,1,389.5,0,Lost
13346,463,6,299.4,3,Loyal
13347,70,1,341.36,0,Lost
13348,64,1,233.76,0,Lost
13349,11,1,247.32,1,At Risk
13350,16,2,979.12,1,At Risk
13351,66,1,373.94,0,Lost
13352,60,1,397.97999999999996,1,At Risk
13354,71,1,743.53,1,At Risk
13355,122,1,674.7,0,Lost
13356,80,1,768.24,1,At Risk
13357,257,5,3805.5099999999998,3,Loyal
13358,269,1,439.03,0,Lost
13359,64,2,1043.31,1,At Risk
13360,432,4,1553.65,3,Loyal
13361,472,2,1450.5,3,Loyal
13362,9,7,5394.07,2,Champions
13363,18,3,1723.86,1,At Risk
13364,71,1,134.95999999999998,0,Lost
13365,34,2,2225.37,1,At Risk
13366,50,1,56.160000000000004,0,Lost
13367,432,1,510.20000000000005,0,Lost
13368,257,4,1121.5,3,Loyal
13369,366,1,308.28000000000003,0,Lost
13370,372,1,754.87,0,Lost
13371,505,2,2297.66,3,Loyal
13372,90,1,378.64,0,Lost
13373,61,6,7587.1900000000005,2,Champions
13374,415,2,422.8,0,Lost
13375,89,2,1792.23,3,Loyal
13376,99,3,1019.76,3,Loyal
13377,397,2,1552.88,3,Loyal
13379,26,3,572.56,1,At Risk
13380,433,1,62.4,0,Lost
13381,32,12,8224.37,2,Champions
13382,281,5,1387.58,3,Loyal
13383,544,1,305.28000000000003,0,Lost
13384,31,11,6680.83,2,Champions
13385,330,1,534.57,0,Lost
13386,414,2,835.46,0,Lost
13387,417,1,186.94,0,Lost
13388,131,3,1185.65,3,Loyal
13389,11,3,797.96,1,At Risk
13390,75,1,544.08,0,Lost
13391,204,1,59.8,0,Lost
13392,677,1,91.14,0,Lost
13393,584,4,1131.45,3,Loyal
13394,2,19,6621.7,2,Champions
13395,185,3,1180.23,3,Loyal
13396,29,2,1360.99,1,At Risk
13397,73,10,3191.87,3,Loyal
13398,192,2,670.34,0,Lost
13399,464,3,275.4,0,Lost
13400,583,1,310.83,0,Lost
13402,127,4,1226.8500000000001,3,Loyal
13403,18,3,229.5,1,At Risk
13404,1,2,252.49,1,At Risk
13405,74,6,1213.811,3,Loyal
13406,427,2,568.92,0,Lost
13407,579,3,2244.7,3,Loyal
13408,2,106,50174.782,2,Champions
13410,24,9,2201.96,2,Champions
13411,107,1,213.55,0,Lost
13412,620,1,487.34999999999997,0,Lost
13413,640,6,429.44,3,Loyal
13414,134,6,2494.14,3,Loyal
13415,473,4,784.17,3,Loyal
13416,44,3,940.8000000000001,1,At Risk
13417,5,6,1669.49,1,At Risk
13418,12,31,11559.66,2,Champions
13419,64,1,221.06,0,Lost
13420,150,2,159.85,0,Lost
13421,40,8,4058.75,2,Champions
13422,64,1,2626.3,1,At Risk
13423,429,1,217.03,0,Lost
13424,450,1,572.77,0,Lost
13425,108,5,3390.4300000000003,3,Loyal
13426,1,22,8167.38,2,Champions
13427,19,6,1006.53,1,At Risk
13428,10,3,478.54,1,At Risk
13429,11,4,1006.8,1,At Risk
13430,19,2,679.45,1,At Risk
13431,67,8,3316.24,3,Loyal
13432,571,2,439.1,0,Lost
13433,501,4,658.3199999999999,3,Loyal
13434,74,5,1666.8600000000001,3,Loyal
13435,5,9,4447.33,2,Champions
13436,2,1,196.89,1,At Risk
13437,14,7,3408.06,2,Champions
13438,547,1,46.5,0,Lost
13439,255,3,986.61,3,Loyal
13440,423,7,1295.25,3,Loyal
13441,92,2,720.9,1,At Risk
13442,667,3,419.87,0,Lost
13443,449,6,1273.16,3,Loyal
13444,374,2,619.08,0,Lost
13445,626,1,241.89999999999998,0,Lost
13446,430,11,3881.89,3,Loyal
13447,23,3,1129.14,1,At Risk
13448,17,13,8745.93,2,Champions
13449,24,1,291.88,1,At Risk
13450,27,13,4120.04,2,Champions
13451,26,11,7090.06,2,Champions
13452,259,3,729.8,3,Loyal
13453,166,3,781.6899999999999,3,Loyal
13454,641,1,219.87,0,Lost
13455,25,6,2212.9900000000002,1,At Risk
13456,18,6,1766.72,1,At Risk
13457,689,2,148.22,0,Lost
13458,7,16,11959.27,2,Champions
13459,625,2,1160.4099999999999,3,Loyal
13460,29,2,183.44,1,At Risk
13461,39,6,4160.0,2,Champions
13462,253,5,1153.85,3,Loyal
13464,58,6,3097.64,3,Loyal
13465,446,2,931.12,3,Loyal
13466,184,5,1013.35,3,Loyal
13467,11,2,1071.91,1,At Risk
13468,2,72,12793.28,2,Champions
13469,653,1,82.4,0,Lost
13470,99,2,165.0,0,Lost
13471,1,4,2501.84,1,At Risk
13472,464,2,592.24,0,Lost
13473,61,8,2657.7599999999998,3,Loyal
13474,236,3,646.59,3,Loyal
13475,191,4,1431.78,3,Loyal
13476,179,5,2061.4700000000003,3,Loyal
13477,38,11,2819.17,2,Champions
13478,469,5,2215.78,3,Loyal
13479,201,4,851.37,3,Loyal
13480,417,2,627.82,0,Lost
13481,46,11,3830.84,2,Champions
13482,232,2,336.09,0,Lost
13483,66,1,140.34,0,Lost
13484,241,3,790.72,3,Loyal
13485,233,11,3019.2200000000003,3,Loyal
13486,78,3,1122.41,3,Loyal
13487,58,5,846.87,3,Loyal
13488,17,23,14205.96,2,Champions
13489,105,4,449.52,3,Loyal
13490,654,1,154.25,0,Lost
13491,52,27,4467.66,2,Champions
13492,136,3,1269.84,3,Loyal
13493,275,2,618.63,0,Lost
13494,312,1,316.26000000000005,0,Lost
13495,8,10,4863.31,2,Champions
13496,11,2,653.33,1,At Risk
13497,283,6,1166.83,3,Loyal
13498,730,1,327.38,0,Lost
13499,18,5,1159.11,1,At Risk
13500,23,4,1466.3,1,At Risk
13501,288,3,2885.11,3,Loyal
13502,17,5,780.5,1,At Risk
13503,71,6,1859.24,3,Loyal
13504,64,1,295.93,0,Lost
13505,73,4,4393.63,3,Loyal
13506,316,5,1338.08,3,Loyal
13507,3,4,2479.16,1,At Risk
13508,244,2,287.05,0,Lost
13509,9,8,1114.72,1,At Risk
13510,1,11,4558.29,2,Champions
13511,677,1,282.76,0,Lost
13512,261,4,713.39,3,Loyal
13513,127,3,824.59,3,Loyal
13514,74,4,815.9000000000001,3,Loyal
13515,73,6,1265.82,3,Loyal
13516,21,4,1685.26,1,At Risk
13517,60,3,2128.42,3,Loyal
13518,86,1,627.16,0,Lost
13519,78,2,343.21,1,At Risk
13520,59,11,6606.0,2,Champions
13521,1,3,1071.73,1,At Risk
13522,30,1,125.80000000000001,1,At Risk
13523,33,6,4534.57,2,Champions
13524,41,5,680.1800000000001,1,At Risk
13525,15,2,628.78,1,At Risk
13526,738,2,1182.0,3,Loyal
13527,34,12,4541.29,2,Champions
13529,79,2,307.76,0,Lost
13530,634,1,402.97999999999996,0,Lost
13531,205,6,1433.07,3,Loyal
13532,34,1,210.31,1,At Risk
13533,183,3,269.09,0,Lost
13534,2,35,7720.9,2,Champions
13535,403,1,89.5,0,Lost
13536,1,7,3444.39,2,Champions
13537,426,2,717.85,0,Lost
13538,43,12,3103.13,2,Champions
13539,86,7,1569.3600000000001,3,Loyal
13540,467,3,632.39,3,Loyal
13541,427,2,785.25,0,Lost
13542,377,17,3959.4900000000002,3,Loyal
13543,634,2,1439.6100000000001,3,Loyal
13544,40,6,790.2,1,At Risk
13545,391,2,364.93,0,Lost
13546,12,5,1086.24,1,At Risk
13547,408,1,167.08,0,Lost
13548,96,3,901.44,3,Loyal
13549,26,8,1005.8,1,At Risk
13550,383,1,342.55,0,Lost
13551,319,2,244.2,0,Lost
13552,66,22,6948.92,2,Champions
13553,675,1,499.6,0,Lost
13554,380,7,1629.35,3,Loyal
13555,74,13,8891.84,2,Champions
13556,429,2,200.82,0,Lost
13557,28,13,3032.26,2,Champions
13558,6,4,594.52,1,At Risk
13559,513,2,990.0,3,Loyal
13560,7,1,171.42000000000002,1,At Risk
13561,216,11,1803.4,3,Loyal
13562,82,8,4838.18,3,Loyal
13563,84,2,777.53,1,At Risk
13564,144,37,16498.97,2,Champions
13565,19,3,414.8,1,At Risk
13566,41,5,1688.6,3,Loyal
13567,428,4,1079.29,3,Loyal
13568,173,1,187.05,0,Lost
13569,17,4,726.54,1,At Risk
13570,243,1,239.49,0,Lost
13571,13,26,4537.26,2,Champions
13572,206,1,1384.25,3,Loyal
13573,50,6,904.52,3,Loyal
13574,411,1,404.45,0,Lost
13575,23,5,732.0699999999999,1,At Risk
13576,10,28,11202.59,2,Champions
13577,25,11,3489.28,2,Champions
13578,409,1,147.66,0,Lost
13579,15,5,1374.34,1,At Risk
13580,406,1,107.75,0,Lost
13581,309,2,280.53000000000003,0,Lost
13582,390,2,241.68,0,Lost
13583,156,2,1445.031,3,Loyal
13584,307,3,385.7,0,Lost
13585,531,3,684.54,3,Loyal
13586,541,1,127.28,0,Lost
13587,64,4,1673.5,3,Loyal
13588,16,9,2478.95,2,Champions
13589,15,6,1120.74,1,At Risk
13590,11,18,6336.04,2,Champions
13591,65,7,2093.94,3,Loyal
13592,36,4,247.95999999999998,1,At Risk
13593,108,14,5493.29,2,Champions
13594,53,2,533.32,1,At Risk
13595,517,3,784.48,3,Loyal
13596,6,2,664.11,1,At Risk
13597,400,2,396.71,0,Lost
13598,47,5,761.96,1,At Risk
13599,1,33,9811.04,2,Champions
13600,312,2,518.42,0,Lost
13601,45,4,1159.99,1,At Risk
13602,65,4,1025.17,3,Loyal
13603,26,1,164.34,1,At Risk
13604,659,1,717.62,0,Lost
13605,387,2,522.67,0,Lost
13606,29,3,276.75,1,At Risk
13607,40,2,1075.81,1,At Risk
13608,541,1,232.05,0,Lost
13609,593,1,167.35,0,Lost
13610,12,14,2103.71,2,Champions
13611,89,10,3297.9300000000003,3,Loyal
13612,633,1,818.29,0,Lost
13613,453,5,1039.8500000000001,3,Loyal
13614,24,6,2332.74,1,At Risk
13615,319,8,6272.53,3,Loyal
13616,568,2,283.85,0,Lost
13617,40,8,1278.75,3,Loyal
13618,174,1,177.34,0,Lost
13619,545,2,224.94,0,Lost
13620,528,1,112.34,0,Lost
13621,117,1,213.85,0,Lost
13622,696,1,658.95,0,Lost
13623,31,10,2533.06,2,Champions
13624,388,1,462.08,0,Lost
13625,597,1,301.26,0,Lost
13626,253,2,707.04,0,Lost
13627,59,7,2245.9,3,Loyal
13628,676,1,310.14,0,Lost
13629,23,19,13370.86,2,Champions
13630,5,7,2031.78,2,Champions
13631,100,11,3070.42,3,Loyal
13632,25,8,3645.81,2,Champions
13634,33,16,5033.77,2,Champions
13635,68,4,2999.16,3,Loyal
13636,37,5,949.12,1,At Risk
13637,52,3,804.3,1,At Risk
13638,16,1,122.64,1,At Risk
13639,74,2,1346.27,3,Loyal
13640,611,1,405.0,0,Lost
13641,641,5,1016.47,3,Loyal
13642,216,4,472.2,3,Loyal
13643,31,10,2156.77,2,Champions
13644,16,4,2624.26,1,At Risk
13645,120,1,252.1,0,Lost
13646,400,2,326.25,0,Lost
13647,10,8,3041.68,2,Champions
13648,400,8,1764.02,3,Loyal
13649,257,6,1453.68,3,Loyal
13650,17,10,3288.0,2,Champions
13651,35,3,226.85,1,At Risk
13652,46,5,2262.05,3,Loyal
13653,488,1,152.2,0,Lost
13654,43,11,6308.0,2,Champions
13655,114,6,2280.51,3,Loyal
13656,165,4,1078.85,3,Loyal
13657,11,2,382.14,1,At Risk
13658,10,9,6025.5,2,Champions
13659,206,12,4884.68,3,Loyal
13660,400,1,306.64,0,Lost
13661,603,1,325.24,0,Lost
13662,86,11,2233.61,3,Loyal
13663,179,5,2047.51,3,Loyal
13665,386,3,1711.6599999999999,3,Loyal
13666,60,5,127.89999999999999,1,At Risk
13667,149,1,299.05,0,Lost
13668,3,35,12948.48,2,Champions
13669,51,3,413.55,1,At Risk
13670,75,1,349.7,0,Lost
13671,395,1,172.6,0,Lost
13672,301,3,419.92,0,Lost
13673,19,2,387.44,1,At Risk
13674,433,1,240.68,0,Lost
13675,151,2,486.82000000000005,0,Lost
13676,539,2,243.9,0,Lost
13677,405,2,551.24,0,Lost
13678,152,1,232.6,0,Lost
13679,494,3,281.26,0,Lost
13680,1,12,11419.67,2,Champions
13681,18,4,827.83,1,At Risk
13682,187,1,59.5,0,Lost
13683,458,1,258.6,0,Lost
13684,286,4,594.88,3,Loyal
13685,3,7,3119.44,2,Champions
13686,183,3,409.04,0,Lost
13687,438,1,11880.84,3,Loyal
13688,635,1,375.5,0,Lost
13689,63,2,1259.5,1,At Risk
13690,59,1,172.25,0,Lost
13691,396,1,212.78,0,Lost
13692,25,5,3114.4,1,At Risk
13693,374,9,2011.82,3,Loyal
13694,4,143,195640.69,2,Champions
13695,31,16,2770.73,2,Champions
13696,422,3,2020.4,3,Loyal
13697,39,1,151.29999999999998,1,At Risk
13698,597,2,451.73,0,Lost
13699,155,2,764.15,3,Loyal
13700,26,13,2596.9700000000003,2,Champions
13701,447,1,161.0,0,Lost
13702,446,1,135.18,0,Lost
13703,318,2,425.56,0,Lost
13704,5,9,2308.06,2,Champions
13705,8,7,1717.19,2,Champions
13706,303,2,631.17,0,Lost
13707,267,5,3365.86,3,Loyal
13708,271,1,285.33,0,Lost
13709,4,18,7571.35,2,Champions
13710,32,3,509.52,1,At Risk
13711,219,9,1792.26,3,Loyal
13712,247,2,766.42,0,Lost
13713,408,3,740.76,3,Loyal
13714,465,1,161.35,0,Lost
13715,281,17,8153.04,2,Champions
13716,269,1,138.28,0,Lost
13717,32,8,1763.3,2,Champions
13718,246,2,306.55,0,Lost
13719,15,11,2783.08,2,Champions
13720,117,4,799.9,3,Loyal
13721,36,2,741.54,1,At Risk
13722,132,10,5635.41,3,Loyal
13723,217,6,1194.08,3,Loyal
13724,637,1,213.01,0,Lost
13725,50,8,1980.56,3,Loyal
13726,39,2,1079.6599999999999,1,At Risk
13727,29,8,1074.15,1,At Risk
13728,37,16,2855.17,2,Champions
13729,436,3,724.73,3,Loyal
13730,136,2,752.6,3,Loyal
13731,219,2,610.59,0,Lost
13732,28,1,491.86,1,At Risk
13733,411,2,487.03000000000003,0,Lost
13734,509,4,6695.6900000000005,3,Loyal
13735,25,13,9762.77,2,Champions
13736,5,7,2752.47,2,Champions
13737,200,1,339.59999999999997,0,Lost
13738,396,1,434.78000000000003,0,Lost
13739,18,2,292.2,1,At Risk
13740,241,5,1582.77,3,Loyal
13741,72,3,668.4300000000001,1,At Risk
13742,17,12,3107.87,2,Champions
13743,3,7,1341.6,1,At Risk
13744,95,2,1080.52,3,Loyal
13745,162,2,777.36,3,Loyal
13746,414,1,176.69,0,Lost
13747,374,2,169.79999999999998,0,Lost
13748,96,9,2064.35,3,Loyal
13750,54,11,3602.1800000000003,2,Champions
13751,288,1,296.25,0,Lost
13752,124,7,1579.8300000000002,3,Loyal
13753,288,4,2094.57,3,Loyal
13754,152,3,447.05,0,Lost
13755,4,9,2108.06,2,Champions
13756,2,23,8655.95,2,Champions
13757,675,1,195.55,0,Lost
13758,12,15,8698.13,2,Champions
13759,33,2,659.4100000000001,1,At Risk
13760,54,5,1363.6399999999999,3,Loyal
13761,50,6,1952.17,3,Loyal
13762,219,5,2472.48,3,Loyal
13763,63,3,5217.4400000000005,3,Loyal
13764,71,6,2919.62,3,Loyal
13765,653,1,352.821,0,Lost
13766,495,1,190.35,0,Lost
13767,2,73,33903.57,2,Champions
13768,727,2,875.97,0,Lost
13769,2,20,5478.12,2,Champions
13770,422,4,785.37,3,Loyal
13771,64,9,5728.82,2,Champions
13772,34,8,3100.02,2,Champions
13773,397,2,301.54,0,Lost
13774,82,1,345.0,0,Lost
13775,591,1,1049.66,0,Lost
13776,428,2,623.98,0,Lost
13777,1,61,49638.26,2,Champions
13778,103,4,1124.49,3,Loyal
13779,516,1,161.13,0,Lost
13780,7,3,732.07,1,At Risk
13781,251,3,778.83,3,Loyal
13782,13,13,1786.08,2,Champions
13783,488,4,1542.09,3,Loyal
13784,10,14,2910.23,2,Champions
13785,429,4,542.49,3,Loyal
13786,367,6,3127.99,3,Loyal
13787,76,6,1222.5,3,Loyal
13788,505,1,3.75,0,Lost
13789,388,1,239.45999999999998,0,Lost
13790,4,1,348.8,1,At Risk
13791,128,2,1516.0,3,Loyal
13792,66,3,383.95,1,At Risk
13793,647,1,96.0,0,Lost
13794,547,1,126.03,0,Lost
13795,388,4,836.3,3,Loyal
13796,499,1,289.7,0,Lost
13797,437,3,1179.45,3,Loyal
13798,1,110,75428.87,2,Champions
13799,117,9,2803.57,3,Loyal
13800,310,3,1679.56,3,Loyal
13801,67,1,324.8,0,Lost
13802,139,19,26259.11,2,Champions
13803,255,3,1338.91,3,Loyal
13804,31,9,3161.12,2,Champions
13805,52,2,924.6,1,At Risk
13806,64,1,256.38,0,Lost
13807,367,3,422.2,0,Lost
13808,6,5,1747.66,1,At Risk
13809,305,3,679.7,3,Loyal
13810,29,3,1499.01,1,At Risk
13811,184,3,814.5,3,Loyal
13812,42,3,539.0,1,At Risk
13813,40,8,2765.47,2,Champions
13814,92,3,2257.32,3,Loyal
13815,22,8,7475.74,2,Champions
13816,24,2,571.6700000000001,1,At Risk
13817,29,2,382.98,1,At Risk
13818,430,1,61.28,0,Lost
13819,302,6,2642.35,3,Loyal
13820,418,3,652.75,3,Loyal
13821,145,6,1379.08,3,Loyal
13822,6,2,632.0,1,At Risk
13823,19,7,3403.4500000000003,2,Champions
13824,33,12,3314.76,2,Champions
13825,622,2,255.59,0,Lost
13826,176,1,189.5,0,Lost
13827,58,3,409.8,1,At Risk
13828,22,1,209.49,1,At Risk
13829,421,1,102.0,0,Lost
13830,582,1,156.85000000000002,0,Lost
13831,16,18,6585.54,2,Champions
13832,19,2,609.89,1,At Risk
13833,159,2,700.41,0,Lost
13834,577,2,324.19,0,Lost
13835,25,7,1095.27,1,At Risk
13836,399,2,620.37,0,Lost
13837,212,2,266.59000000000003,0,Lost
13838,6,10,1690.07,2,Champions
13839,486,1,139.95000000000002,0,Lost
13840,416,1,651.4,0,Lost
13841,253,1,85.0,0,Lost
13842,59,18,5319.34,2,Champions
13843,381,1,319.75,0,Lost
13844,11,1,361.62,1,At Risk
13845,65,1,312.98,0,Lost
13846,25,4,1307.79,1,At Risk
13847,720,1,310.72,0,Lost
13848,92,8,3015.0,3,Loyal
13849,52,5,3469.3,3,Loyal
13850,129,1,1595.48,3,Loyal
13851,96,8,4606.46,3,Loyal
13852,611,1,187.35000000000002,0,Lost
13853,57,1,1090.14,1,At Risk
13854,9,39,11944.56,2,Champions
13855,501,4,1310.3400000000001,3,Loyal
13856,169,11,1142.03,3,Loyal
13857,393,6,1001.01,3,Loyal
13858,57,1,216.17,0,Lost
13859,326,2,515.86,0,Lost
13860,1,5,1245.9,1,At Risk
13861,429,2,273.26,0,Lost
13862,18,9,2556.09,2,Champions
13863,248,4,1239.55,3,Loyal
13864,387,1,662.4000000000001,0,Lost
13865,58,4,501.56,1,At Risk
13866,74,1,145.67000000000002,0,Lost
13867,31,3,1005.09,1,At Risk
13868,7,2,3192.54,1,At Risk
13869,123,10,7996.87,2,Champions
13870,2,15,5712.08,2,Champions
13871,23,17,7885.85,2,Champions
13872,527,3,919.57,3,Loyal
13873,120,8,1038.92,3,Loyal
13874,358,7,2049.15,3,Loyal
13875,54,14,4814.37,2,Champions
13876,64,1,122.7,0,Lost
13877,86,3,449.68,1,At Risk
13878,55,4,2416.9,3,Loyal
13879,646,1,395.5,0,Lost
13880,21,17,4293.86,2,Champions
13881,4,43,45179.1,2,Champions
13882,3,5,1191.13,1,At Risk
13883,11,15,6560.02,2,Champions
13884,7,10,1825.03,2,Champions
13885,189,2,506.8,0,Lost
13886,71,1,243.56,0,Lost
13887,204,1,349.55,0,Lost
13888,120,7,2001.59,3,Loyal
13889,93,6,1991.23,3,Loyal
13890,1,14,2927.38,2,Champions
13891,378,3,859.21,3,Loyal
13892,27,6,1267.6499999999999,1,At Risk
13893,298,1,821.1,0,Lost
13894,24,3,564.62,1,At Risk
13895,28,6,4008.52,2,Champions
13896,626,1,388.55,0,Lost
13897,50,3,1160.72,1,At Risk
13898,326,2,686.4,0,Lost
13899,16,2,388.52,1,At Risk
13900,183,6,1610.59,3,Loyal
13901,72,15,5676.34,2,Champions
13902,632,5,34095.26,3,Loyal
13903,400,1,165.45000000000002,0,Lost
13904,37,2,332.64,1,At Risk
13905,733,1,312.65,0,Lost
13906,409,1,42.0,0,Lost
13907,692,1,136.8,0,Lost
13908,80,4,2369.55,3,Loyal
13909,423,2,282.85,0,Lost
13911,57,20,4234.99,2,Champions
13912,424,1,124.95,0,Lost
13913,507,1,42.22,0,Lost
13914,12,2,626.45,1,At Risk
13915,394,1,70.80000000000001,0,Lost
13916,464,4,1275.81,3,Loyal
13917,50,2,272.04,1,At Risk
13918,50,2,1212.8400000000001,1,At Risk
13919,59,4,1360.68,3,Loyal
13920,432,4,1774.68,3,Loyal
13921,402,4,730.7,3,Loyal
13922,352,3,865.2,3,Loyal
13923,54,1,351.13,1,At Risk
13924,2,6,1838.8500000000001,1,At Risk
13925,93,4,678.25,3,Loyal
13926,23,1,223.85000000000002,1,At Risk
13927,75,2,708.26,1,At Risk
13928,11,4,464.57,1,At Risk
13929,169,11,3494.1,3,Loyal
13930,58,2,337.34,1,At Risk
13931,96,11,5257.38,2,Champions
13932,295,1,307.4,0,Lost
13933,109,2,608.7900000000001,0,Lost
13934,264,1,922.1,0,Lost
13935,597,3,6116.92,3,Loyal
13936,180,3,939.66,3,Loyal
13937,169,2,880.13,3,Loyal
13938,35,1,71.66,0,Lost
13939,23,7,1560.96,1,At Risk
13940,17,4,839.14,1,At Risk
13941,22,15,10027.18,2,Champions
13942,535,1,320.0,0,Lost
13943,578,1,246.54,0,Lost
13944,653,1,200.43,0,Lost
13945,395,2,854.15,0,Lost
13946,79,6,1876.23,3,Loyal
13947,65,1,90.6,0,Lost
13948,361,4,548.76,3,Loyal
13949,3,6,2427.32,2,Champions
13950,11,4,745.06,1,At Risk
13951,176,3,674.45,3,Loyal
13952,218,14,12823.521,2,Champions
13953,7,12,6640.68,2,Champions
13954,2,2,439.92,1,At Risk
13955,154,3,544.0699999999999,3,Loyal
13956,5,5,1019.27,1,At Risk
13957,418,3,458.25,0,Lost
13958,380,8,4709.2300000000005,3,Loyal
13959,79,6,1064.77,3,Loyal
13960,21,2,230.22,1,At Risk
13961,392,1,538.4,0,Lost
13962,22,3,362.8,1,At Risk
13963,308,17,2860.57,3,Loyal
13964,387,2,438.9,0,Lost
13965,477,3,996.61,3,Loyal
13966,435,1,384.26,0,Lost
13967,146,2,166.3,0,Lost
13968,423,1,123.66,0,Lost
13969,7,35,12973.460000000001,2,Champions
13970,386,2,846.55,0,Lost
13971,19,14,4667.57,2,Champions
13972,71,2,190.25,0,Lost
13973,287,1,264.7,0,Lost
13974,49,2,677.72,1,At Risk
13975,31,12,5256.4,2,Champions
13976,207,4,1192.36,3,Loyal
13977,411,1,519.8100000000001,0,Lost
13978,15,2,196.79000000000002,1,At Risk
13979,73,7,3379.93,3,Loyal
13980,60,5,768.82,3,Loyal
13981,416,1,331.14,0,Lost
13982,39,9,3954.29,2,Champions
13983,30,21,6753.89,2,Champions
13984,27,12,1893.8,2,Champions
13985,4,22,10020.86,2,Champions
13986,17,1,320.46,1,At Risk
13987,380,2,682.54,0,Lost
13988,20,8,4757.8,2,Champions
13989,66,5,2026.06,3,Loyal
13990,213,1,311.3,0,Lost
13991,12,6,852.88,1,At Risk
13992,30,3,219.5,1,At Risk
13993,43,19,6775.71,2,Champions
13994,4,6,2274.14,2,Champions
13995,15,14,3902.01,2,Champions
13996,386,2,895.76,3,Loyal
13997,519,3,376.46,0,Lost
13998,447,3,566.7,0,Lost
13999,10,29,9502.26,2,Champions
14000,211,5,2046.3400000000001,3,Loyal
14001,46,9,4228.85,2,Champions
14002,134,2,529.73,0,Lost
14003,733,1,209.41,0,Lost
14004,43,11,6258.45,2,Champions
14005,10,5,2874.72,1,At Risk
14006,116,7,2196.67,3,Loyal
14007,513,1,79.48,0,Lost
14008,432,1,509.04,0,Lost
14009,198,3,1099.91,3,Loyal
14010,565,2,445.15,0,Lost
14011,480,2,457.82,0,Lost
14012,278,1,328.8,0,Lost
14013,110,5,1084.57,3,Loyal
14014,77,3,1948.21,3,Loyal
14015,53,1,917.34,1,At Risk
14016,162,11,11403.41,2,Champions
14017,571,1,229.75,0,Lost
14018,645,1,367.15000000000003,0,Lost
14019,47,3,1421.61,1,At Risk
14020,17,4,1249.01,1,At Risk
14021,155,7,1716.58,3,Loyal
14022,225,2,792.15,3,Loyal
14023,7,2,584.07,1,At Risk
14024,122,3,645.74,3,Loyal
14025,465,8,4057.9,3,Loyal
14026,471,2,713.11,0,Lost
14027,61,1,104.82,0,Lost
14028,550,3,10396.5,3,Loyal
14029,63,2,467.66,1,At Risk
14030,18,20,7521.8,2,Champions
14031,7,44,39019.51,2,Champions
14032,2,16,4546.41,2,Champions
14033,555,1,109.44,0,Lost
14034,22,3,648.89,1,At Risk
14035,29,9,2794.75,2,Champions
14036,285,1,626.65,0,Lost
14037,176,6,836.95,3,Loyal
14038,78,5,3069.88,3,Loyal
14039,33,2,267.28000000000003,1,At Risk
14040,41,35,12523.81,2,Champions
14041,266,1,141.41,0,Lost
14042,725,1,431.98,0,Lost
14043,491,2,302.6,0,Lost
14044,27,10,3077.7,2,Champions
14045,109,16,10986.63,2,Champions
14046,284,1,154.99,0,Lost
14047,9,14,3968.11,2,Champions
14048,305,3,748.69,3,Loyal
14049,17,13,13023.4,2,Champions
14050,32,2,746.36,1,At Risk
14051,1,37,21770.98,2,Champions
14052,20,2,466.66,1,At Risk
14053,124,4,572.3,3,Loyal
14054,65,1,92.46,0,Lost
14055,106,3,1520.96,3,Loyal
14056,1,23,8152.71,2,Champions
14057,24,22,8346.66,2,Champions
14058,463,2,469.19,0,Lost
14059,267,1,183.6,0,Lost
14060,5,30,8898.24,2,Champions
14061,507,3,917.4300000000001,3,Loyal
14062,10,24,25585.65,2,Champions
14063,438,9,22710.2,3,Loyal
14064,29,15,3260.24,2,Champions
14065,389,3,891.02,3,Loyal
14066,267,1,152.55,0,Lost
14067,64,2,374.7,1,At Risk
14068,320,4,1516.72,3,Loyal
14069,515,2,225.81,0,Lost
14070,685,1,321.6,0,Lost
14071,4,8,1437.57,2,Champions
14072,667,1,390.85,0,Lost
14073,32,1,151.04,1,At Risk
14074,623,1,219.39999999999998,0,Lost
14075,5,6,1734.87,1,At Risk
14076,129,1,118.67,0,Lost
14077,41,6,615.0799999999999,1,At Risk
14078,102,9,1553.47,3,Loyal
14079,125,2,618.73,0,Lost
14080,33,5,1115.68,1,At Risk
14081,302,10,4867.57,3,Loyal
14082,365,2,413.36,0,Lost
14083,4,11,1082.19,2,Champions
14084,512,1,150.5,0,Lost
14085,2,33,9720.67,2,Champions
14086,463,1,39.95,0,Lost
14087,3,3,829.47,1,At Risk
14088,10,16,64036.8,2,Champions
14089,57,1,158.75,0,Lost
14090,325,1,76.32000000000001,0,Lost
14091,654,2,9530.08,3,Loyal
14092,8,24,7229.45,2,Champions
14093,12,1,433.86,1,At Risk
14094,440,1,311.77,0,Lost
14095,723,1,2.95,0,Lost
14096,4,17,65164.79,2,Champions
14097,481,2,422.85999999999996,0,Lost
14098,37,1,147.35,1,At Risk
14099,16,20,5750.91,2,Champions
14100,138,1,191.95000000000002,0,Lost
14101,74,13,9961.93,2,Champions
14102,5,5,1105.8799999999999,1,At Risk
14104,155,5,743.53,3,Loyal
14105,239,5,5988.83,3,Loyal
14106,737,1,214.79999999999998,0,Lost
14107,52,11,4877.3,2,Champions
14108,31,4,1044.96,1,At Risk
14109,73,1,144.2,0,Lost
14110,4,33,12987.95,2,Champions
14111,14,4,692.85,1,At Risk
14112,23,13,5834.59,2,Champions
14113,4,16,7092.610000000001,2,Champions
14114,274,7,1364.09,3,Loyal
14115,502,2,622.6700000000001,0,Lost
14116,20,5,1382.74,1,At Risk
14117,144,1,90.0,0,Lost
14118,429,1,458.45,0,Lost
14119,376,2,183.37,0,Lost
14121,4,4,2780.15,1,At Risk
14122,406,3,362.42,0,Lost
14123,733,1,436.18,0,Lost
14124,84,1,419.58000000000004,0,Lost
14125,11,3,2720.63,1,At Risk
14126,8,4,1172.46,1,At Risk
14127,123,6,1900.0800000000002,3,Loyal
14128,61,3,924.21,1,At Risk
14129,2,9,2591.34,2,Champions
14130,319,4,1858.77,3,Loyal
14131,649,1,168.22,0,Lost
14132,2,11,3586.0299999999997,2,Champions
14133,130,4,911.14,3,Loyal
14134,383,15,11123.35,3,Loyal
14135,2,24,8839.67,2,Champions
14136,401,5,1570.81,3,Loyal
14137,696,1,332.7,0,Lost
14138,2,2,965.8800000000001,1,At Risk
14139,46,4,1086.8,1,At Risk
14140,4,2,935.05,1,At Risk
14141,3,4,915.13,1,At Risk
14142,373,2,671.34,0,Lost
14143,134,1,115.8,0,Lost
14144,486,1,30.599999999999998,0,Lost
14145,47,7,7600.05,2,Champions
14146,9,12,9450.3,2,Champions
14147,78,9,2590.2,3,Loyal
14148,234,2,466.29,0,Lost
14149,221,1,446.62,0,Lost
14150,36,2,658.64,1,At Risk
14151,673,2,679.45,0,Lost
14152,75,7,1997.3400000000001,3,Loyal
14153,483,1,233.4,0,Lost
14154,239,8,6460.7,3,Loyal
14155,266,1,118.75,0,Lost
14156,10,156,313437.62,2,Champions
14157,20,5,978.69,1,At Risk
14158,40,1,507.66,1,At Risk
14159,20,20,7860.8,2,Champions
14160,610,7,8421.47,3,Loyal
14161,216,7,2996.93,3,Loyal
14162,174,2,289.36,0,Lost
14163,87,5,2594.62,3,Loyal
14164,71,2,1631.77,3,Loyal
14165,276,1,120.44,0,Lost
14166,505,2,251.15,0,Lost
14167,39,8,1274.29,3,Loyal
14168,421,2,370.45,0,Lost
14169,431,2,621.51,0,Lost
14170,375,3,570.18,0,Lost
14171,98,2,498.79,0,Lost
14172,605,3,369.02,0,Lost
14173,11,6,586.0,1,At Risk
14174,33,1,134.46,1,At Risk
14175,60,8,7678.88,2,Champions
14176,297,5,756.46,3,Loyal
14177,86,13,2209.69,3,Loyal
14178,9,7,1600.26,1,At Risk
14179,41,2,701.57,1,At Risk
14180,11,33,6117.5,2,Champions
14181,411,2,308.35,0,Lost
14182,444,4,678.77,3,Loyal
14183,411,2,278.34000000000003,0,Lost
14184,67,1,452.89,1,At Risk
14185,331,1,197.65,0,Lost
14186,427,5,1550.63,3,Loyal
14187,474,1,123.5,0,Lost
14188,31,6,2054.36,1,At Risk
14189,2,16,5503.15,2,Champions
14190,666,1,79.9,0,Lost
14191,2,15,4817.66,2,Champions
14192,388,1,293.74,0,Lost
14193,68,3,1210.19,3,Loyal
14194,5,36,18670.59,2,Champions
14195,202,6,2615.6,3,Loyal
14196,107,1,335.52,0,Lost
14197,411,1,390.05,0,Lost
14198,18,9,1569.73,2,Champions
14199,218,4,1091.7,3,Loyal
14200,617,1,379.2,0,Lost
14201,60,10,1193.54,3,Loyal
14202,381,3,847.76,3,Loyal
14203,397,1,339.34,0,Lost
14204,2,4,1024.83,1,At Risk
14205,17,9,2414.2,2,Champions
14206,239,3,1185.01,3,Loyal
14207,688,1,157.8,0,Lost
14208,95,2,567.05,1,At Risk
14209,11,15,4993.27,2,Champions
14210,106,16,5556.570000000001,2,Champions
14211,53,18,4402.29,2,Champions
14212,90,2,2190.14,3,Loyal
14213,405,1,1192.2,0,Lost
14214,31,5,1004.38,1,At Risk
14215,12,9,3250.33,2,Champions
14216,3,5,2150.04,1,At Risk
14217,2,23,3298.59,2,Champions
14218,43,1,169.48000000000002,0,Lost
14219,4,3,633.83,1,At Risk
14220,247,4,1515.0,3,Loyal
14221,42,17,6517.49,2,Champions
14222,177,1,683.17,0,Lost
14223,92,3,991.13,3,Loyal
14224,110,9,1841.71,3,Loyal
14225,435,4,2031.07,3,Loyal
14226,29,6,2985.13,2,Champions
14227,26,15,6368.71,2,Champions
14228,438,3,745.5,3,Loyal
14229,52,7,2594.04,3,Loyal
14230,436,3,979.8000000000001,3,Loyal
14231,184,4,1235.6200000000001,3,Loyal
14232,43,5,2048.07,3,Loyal
14233,49,7,2904.27,3,Loyal
14234,22,4,754.12,1,At Risk
14235,75,9,4717.99,2,Champions
14236,81,5,1555.34,3,Loyal
14237,373,2,471.14,0,Lost
14238,326,3,434.23,0,Lost
14239,43,21,4263.17,2,Champions
14240,30,3,1247.49,1,At Risk
14241,184,2,333.70000000000005,0,Lost
14242,235,2,280.55,0,Lost
14243,9,17,7217.75,2,Champions
14244,661,1,366.41999999999996,0,Lost
14245,220,2,1693.45,3,Loyal
14246,111,3,1474.06,3,Loyal
14247,278,5,753.56,3,Loyal
14248,318,3,1032.95,3,Loyal
14249,411,12,5400.461,3,Loyal
14250,7,3,1904.05,1,At Risk
14251,2,5,2879.7000000000003,2,Champions
14252,381,1,350.99,0,Lost
14253,493,2,363.40000000000003,0,Lost
14254,433,1,601.03,0,Lost
14255,546,1,1000.63,0,Lost
14256,260,5,2460.79,3,Loyal
14257,64,9,5954.45,2,Champions
14258,9,25,32051.34,2,Champions
14259,142,1,120.0,0,Lost
14260,471,3,824.28,3,Loyal
14261,51,2,1163.45,1,At Risk
14262,8,8,2618.23,2,Champions
14263,423,1,322.93,0,Lost
14264,155,6,1517.3600000000001,3,Loyal
14265,109,4,1373.35,3,Loyal
14266,428,1,40.56,0,Lost
14267,163,3,1516.24,3,Loyal
14268,471,1,354.85,0,Lost
14269,439,1,295.73,0,Lost
14270,332,1,492.65000000000003,0,Lost
14271,226,2,214.18,0,Lost
14272,74,4,920.81,3,Loyal
14273,51,4,559.97,1,At Risk
14274,686,1,256.6,0,Lost
14275,396,6,1189.3799999999999,3,Loyal
14276,99,7,2102.68,3,Loyal
14277,15,9,17197.61,2,Champions
14278,410,1,205.83,0,Lost
14279,521,2,191.86,0,Lost
14280,197,1,134.04,0,Lost
14281,408,1,245.15,0,Lost
14282,3,25,7250.76,2,Champions
14283,463,4,628.4399999999999,3,Loyal
14284,31,3,1299.65,1,At Risk
14285,21,8,3284.42,2,Champions
14286,24,7,8479.76,2,Champions
14287,8,3,176.63,1,At Risk
14288,213,1,426.6,0,Lost
14289,9,6,911.26,1,At Risk
14290,11,8,4516.56,2,Champions
14291,2,23,7904.1,2,Champions
14292,8,16,9226.25,2,Champions
14293,3,9,2903.01,2,Champions
14294,407,1,375.34,0,Lost
14295,40,5,2362.91,3,Loyal
14296,421,2,456.40000000000003,0,Lost
14297,18,4,1305.33,1,At Risk
14298,8,82,91194.49,2,Champions
14299,8,27,14070.25,2,Champions
14300,19,1,43.2,1,At Risk
14301,117,4,1992.18,3,Loyal
14302,431,3,742.9000000000001,3,Loyal
14303,407,2,277.94,0,Lost
14304,223,3,1725.01,3,Loyal
14305,71,3,1858.96,3,Loyal
14306,51,6,3151.4,3,Loyal
14307,89,10,4287.92,3,Loyal
14308,549,2,1147.02,3,Loyal
14309,8,11,3780.81,2,Champions
14310,433,1,492.1,0,Lost
14311,243,2,516.45,0,Lost
14312,47,11,3090.29,2,Champions
14314,107,2,229.8,0,Lost
14315,45,8,3197.82,2,Champions
14316,422,5,1370.34,3,Loyal
14317,65,1,508.58000000000004,1,At Risk
14318,460,1,158.02,0,Lost
14319,424,1,494.85,0,Lost
14320,207,5,1346.75,3,Loyal
14321,11,7,2218.06,2,Champions
14322,429,4,474.1,3,Loyal
14323,115,2,605.0600000000001,0,Lost
14324,410,2,701.61,0,Lost
14325,570,1,245.48000000000002,0,Lost
14326,242,3,940.98,3,Loyal
14327,163,6,1894.93,3,Loyal
14328,438,1,445.05,0,Lost
14329,17,15,9887.62,2,Champions
14330,624,1,200.63,0,Lost
14331,124,2,462.65999999999997,0,Lost
14332,23,5,1917.41,1,At Risk
14333,68,1,415.2,0,Lost
14334,17,12,4318.48,2,Champions
14335,16,2,454.86,1,At Risk
14336,17,4,1614.91,1,At Risk
14338,161,3,928.1,3,Loyal
14339,243,2,620.27,0,Lost
14340,219,1,134.7,0,Lost
14341,45,18,4452.02,2,Champions
14342,21,6,918.44,1,At Risk
14343,421,4,1079.66,3,Loyal
14344,127,20,2993.05,2,Champions
14345,39,1,108.97999999999999,0,Lost
14346,121,5,2315.75,3,Loyal
14347,737,1,82.6,0,Lost
14348,260,1,409.57,0,Lost
14349,10,1,133.5,1,At Risk
14350,274,3,972.03,3,Loyal
14351,165,1,51.0,0,Lost
14352,157,4,1078.96,3,Loyal
14353,215,3,376.5,0,Lost
14354,6,2,163.62,1,At Risk
14355,366,3,840.0500000000001,3,Loyal
14356,80,2,701.23,1,At Risk
14357,43,1,225.12,1,At Risk
14358,389,2,400.06,0,Lost
14359,19,3,912.18,1,At Risk
14360,32,4,2118.03,1,At Risk
14361,579,1,214.70999999999998,0,Lost
14362,22,1,151.5,1,At Risk
14363,402,2,227.47000000000003,0,Lost
14364,109,8,3717.35,3,Loyal
14365,395,2,634.68,0,Lost
14366,525,1,136.0,0,Lost
14367,8,16,9227.82,2,Champions
14368,320,1,155.0,0,Lost
14369,642,2,469.13,0,Lost
14370,451,6,1175.78,3,Loyal
14371,295,1,100.5,0,Lost
14372,443,2,860.08,0,Lost
14373,358,1,76.55,0,Lost
14374,541,1,108.0,0,Lost
14375,185,3,1106.82,3,Loyal
14376,683,1,215.46,0,Lost
14377,191,2,617.05,0,Lost
14378,622,1,131.25,0,Lost
14379,44,4,1265.16,1,At Risk
14380,682,1,48.96,0,Lost
14381,52,2,625.9399999999999,1,At Risk
14382,26,2,1193.6299999999999,1,At Risk
14383,38,3,1247.69,1,At Risk
14384,501,1,58.5,0,Lost
14385,9,3,202.11,1,At Risk
14386,297,1,142.4,0,Lost
14387,33,3,1727.6,1,At Risk
14388,10,16,6388.2,2,Champions
14389,65,5,1898.01,3,Loyal
14390,10,13,6150.03,2,Champions
14391,577,1,135.6,0,Lost
14392,432,1,266.4,0,Lost
14393,218,1,67.95,0,Lost
14394,565,1,93.8,0,Lost
14395,2,20,7801.93,2,Champions
14396,65,7,1969.38,3,Loyal
14397,3,19,2612.96,2,Champions
14398,401,2,707.79,0,Lost
14399,394,8,2108.21,3,Loyal
14400,149,3,1732.47,3,Loyal
14401,4,22,6795.9,2,Champions
14402,652,1,285.6,0,Lost
14403,130,6,1880.51,3,Loyal
14404,34,13,2724.13,2,Champions
14405,387,1,195.0,0,Lost
14406,119,1,156.75,0,Lost
14407,107,6,2157.73,3,Loyal
14408,11,11,4102.27,2,Champions
14409,71,9,3427.29,3,Loyal
14410,92,11,2631.9,3,Loyal
14411,311,1,1063.0,0,Lost
14412,43,3,1426.19,1,At Risk
14413,362,4,764.52,3,Loyal
14414,92,8,2399.33,3,Loyal
14415,1,23,11980.09,2,Champions
14416,22,2,490.22,1,At Risk
14417,388,1,524.65,0,Lost
14418,4,3,1937.25,1,At Risk
14419,11,7,1254.64,1,At Risk
14420,99,4,1639.17,3,Loyal
14421,57,6,2469.37,3,Loyal
14422,1,19,10271.52,2,Champions
14423,218,3,916.6099999999999,3,Loyal
14424,18,1,322.08,1,At Risk
14425,435,3,661.39,3,Loyal
14426,24,17,11727.94,2,Champions
14427,50,4,1263.52,1,At Risk
14428,7,5,1224.06,1,At Risk
14429,404,1,516.28,0,Lost
14430,512,3,1220.9,3,Loyal
14431,303,4,2614.2,3,Loyal
14432,10,6,2248.5,2,Champions
14433,466,1,280.7,0,Lost
14434,22,6,1372.8,1,At Risk
14435,502,1,90.42,0,Lost
14436,99,2,271.70000000000005,0,Lost
14437,366,5,873.34,3,Loyal
14438,306,1,131.9,0,Lost
14439,320,5,9443.04,3,Loyal
14440,8,13,5982.03,2,Champions
14441,1,11,4611.6900000000005,2,Champions
14442,205,7,5367.0199999999995,3,Loyal
14443,54,5,2082.97,3,Loyal
14444,456,1,120.44,0,Lost
14445,456,1,221.65,0,Lost
14446,1,5,1200.28,1,At Risk
14447,19,6,1711.73,1,At Risk
14448,9,2,375.35,1,At Risk
14449,19,8,2230.96,2,Champions
14450,181,7,1128.44,3,Loyal
14451,60,12,3258.68,2,Champions
14452,11,4,658.95,1,At Risk
14453,190,1,119.93,0,Lost
14454,376,5,977.3,3,Loyal
14455,432,4,617.72,3,Loyal
14456,5,9,3017.28,2,Champions
14457,311,1,113.64,0,Lost
14458,381,1,228.07,0,Lost
14459,155,2,5375.741,3,Loyal
14460,110,9,1093.5,3,Loyal
14461,148,13,6676.91,2,Champions
14462,66,12,2242.81,2,Champions
14463,98,4,786.5699999999999,3,Loyal
14464,568,2,111.0,0,Lost
14465,247,11,3925.85,3,Loyal
14466,29,13,4267.15,2,Champions
14467,18,12,2203.2400000000002,2,Champions
14468,734,1,204.24,0,Lost
14469,416,4,2093.46,3,Loyal
14470,12,3,712.04,1,At Risk
14471,591,2,400.95,0,Lost
14472,104,9,2118.72,3,Loyal
14473,74,2,234.34000000000003,0,Lost
14474,46,2,1258.8899999999999,1,At Risk
14475,72,4,1151.15,3,Loyal
14476,257,1,193.0,0,Lost
14477,20,7,1969.6,2,Champions
14478,382,4,1276.66,3,Loyal
14479,254,4,1124.71,3,Loyal
14480,11,4,1299.52,1,At Risk
14481,165,5,2284.69,3,Loyal
14482,18,12,4306.72,2,Champions
14483,282,2,257.1,0,Lost
14484,50,4,1070.98,1,At Risk
14485,39,1,162.8,1,At Risk
14486,512,2,175.5,0,Lost
14487,27,7,1266.27,1,At Risk
14488,68,1,1064.28,1,At Risk
14489,207,4,1574.93,3,Loyal
14490,406,2,1273.47,3,Loyal
14491,175,2,340.93,0,Lost
14492,430,7,1921.91,3,Loyal
14493,7,10,5087.86,2,Champions
14494,26,3,401.46,1,At Risk
14495,51,3,174.8,1,At Risk
14496,312,7,2363.89,3,Loyal
14497,309,2,697.0600000000001,0,Lost
14498,43,10,3900.83,2,Champions
14499,26,7,2101.79,2,Champions
14500,88,3,356.85,1,At Risk
14501,184,2,251.21,0,Lost
14502,20,11,2429.83,2,Champions
14503,3,6,3543.26,2,Champions
14504,47,4,673.26,1,At Risk
14505,17,19,11879.08,2,Champions
14506,17,7,2960.25,2,Champions
14507,24,11,3216.7400000000002,2,Champions
14508,22,5,822.92,1,At Risk
14509,534,1,110.95,0,Lost
14510,376,3,979.85,3,Loyal
14511,11,5,1314.81,1,At Risk
14512,188,7,1215.97,3,Loyal
14513,101,6,788.01,3,Loyal
14514,61,9,4380.04,2,Champions
14515,18,12,3724.06,2,Champions
14516,516,1,151.17,0,Lost
14517,33,2,330.45,1,At Risk
14518,64,1,174.37,0,Lost
14519,684,2,203.14,0,Lost
14520,2,2,270.6,1,At Risk
14521,491,1,199.45000000000002,0,Lost
14522,24,8,1748.42,2,Champions
14523,108,1,241.09,0,Lost
14524,32,13,2909.86,2,Champions
14525,20,17,8026.54,2,Champions
14526,389,1,258.65,0,Lost
14527,3,122,27246.88,2,Champions
14528,37,1,364.21999999999997,1,At Risk
14529,60,3,578.61,1,At Risk
14530,26,16,6088.87,2,Champions
14531,480,1,376.34,0,Lost
14532,236,11,3845.78,3,Loyal
14533,25,11,3466.37,2,Champions
14534,3,26,6187.66,2,Champions
14535,60,9,5973.2300000000005,2,Champions
14536,260,1,170.95,0,Lost
14537,58,2,641.4,1,At Risk
14538,65,5,1370.8400000000001,3,Loyal
14539,16,2,537.48,1,At Risk
14540,10,11,3709.64,2,Champions
14541,59,14,2491.38,2,Champions
14542,186,1,103.25,0,Lost
14543,29,39,14587.87,2,Champions
14544,24,3,2938.53,1,At Risk
14545,674,1,349.25,0,Lost
14546,5,11,5184.84,2,Champions
14547,4,8,3974.75,2,Champions
14548,151,9,2541.29,3,Loyal
14549,311,4,913.6,3,Loyal
14550,11,4,1345.06,1,At Risk
14551,18,7,878.09,1,At Risk
14552,152,3,507.93,3,Loyal
14553,19,9,1818.6,2,Champions
14554,10,4,2279.4900000000002,1,At Risk
14555,57,6,2304.03,3,Loyal
14556,596,3,815.69,3,Loyal
14557,85,1,788.38,1,At Risk
14558,654,3,655.5,0,Lost
14559,390,1,75.6,0,Lost
14560,7,44,6114.03,2,Champions
14561,76,3,1080.76,3,Loyal
14562,4,26,6638.150000000001,2,Champions
14563,510,2,640.54,0,Lost
14564,435,2,2605.62,3,Loyal
14565,96,5,3859.2200000000003,3,Loyal
14566,111,4,4092.0,3,Loyal
14567,57,2,1530.3600000000001,1,At Risk
14568,435,1,919.7,0,Lost
14569,1,4,597.3299999999999,1,At Risk
14570,281,3,613.75,3,Loyal
14571,425,1,160.0,0,Lost
14572,3,11,5526.88,2,Champions
14573,180,13,2163.12,3,Loyal
14574,733,1,143.70000000000002,0,Lost
14575,488,1,420.22,0,Lost
14576,372,1,35.400000000000006,0,Lost
14577,13,7,1364.15,1,At Risk
14578,3,1,168.63,1,At Risk
14579,432,1,105.56,0,Lost
14580,518,1,14.850000000000001,0,Lost
14581,17,2,409.65,1,At Risk
14582,41,1,114.11,0,Lost
14583,6,8,1660.29,2,Champions
14584,169,8,1738.16,3,Loyal
14585,50,5,1143.27,3,Loyal
14586,277,1,237.36,0,Lost
14587,19,9,1580.29,2,Champions
14588,578,1,135.39,0,Lost
14589,372,1,39.75,0,Lost
14590,425,20,2993.37,3,Loyal
14591,15,4,1320.21,1,At Risk
14592,35,3,557.94,1,At Risk
14593,22,12,3665.5299999999997,2,Champions
14594,7,2,363.33,1,At Risk
14595,20,8,2164.45,2,Champions
14596,627,1,222.22000000000003,0,Lost
14597,11,6,2184.63,1,At Risk
14598,44,2,384.04,1,At Risk
14599,390,2,457.89,0,Lost
14600,306,2,865.1700000000001,3,Loyal
14601,11,1,213.96,1,At Risk
14602,656,1,205.35999999999999,0,Lost
14603,275,1,660.0,0,Lost
14604,633,1,143.85999999999999,0,Lost
14605,374,4,921.5600000000001,3,Loyal
14606,1,192,29951.37,2,Champions
14607,16,22,23763.13,2,Champions
14608,4,11,3352.94,2,Champions
14609,72,10,1486.2,3,Loyal
14610,396,2,24.35,0,Lost
14611,444,2,604.3299999999999,0,Lost
14612,415,1,877.7,0,Lost
14613,680,1,76.32000000000001,0,Lost
14614,386,1,295.13,0,Lost
14615,394,5,951.76,3,Loyal
14616,243,5,527.78,3,Loyal
14617,403,2,190.47000000000003,0,Lost
14618,9,7,1342.32,1,At Risk
14619,246,2,1291.24,3,Loyal
14620,206,2,412.78000000000003,0,Lost
14621,1,9,3000.57,2,Champions
14622,185,1,320.58000000000004,0,Lost
14623,32,10,2016.98,2,Champions
14624,57,6,814.07,3,Loyal
14625,196,11,4497.88,3,Loyal
14626,24,11,5410.92,2,Champions
14627,379,1,462.75,0,Lost
14628,91,5,1998.0,3,Loyal
14629,4,2,955.26,1,At Risk
14630,484,1,338.65,0,Lost
14631,51,6,2025.69,3,Loyal
14632,263,1,114.56,0,Lost
14633,266,1,344.90000000000003,0,Lost
14634,438,4,2124.46,3,Loyal
14635,454,1,215.22,0,Lost
14636,36,2,609.85,1,At Risk
14637,677,1,106.67999999999999,0,Lost
14638,51,1,443.6,1,At Risk
14639,52,9,4978.96,2,Champions
14640,24,10,3649.36,2,Champions
14641,22,1,110.46,1,At Risk
14642,59,1,96.12,0,Lost
14643,170,5,1679.89,3,Loyal
14644,68,7,2247.72,3,Loyal
14645,157,3,876.89,3,Loyal
14646,2,151,528602.52,2,Champions
14647,201,2,506.04,0,Lost
14648,416,15,4466.65,3,Loyal
14649,5,9,3651.19,2,Champions
14650,589,1,62.5,0,Lost
14651,67,9,2025.52,3,Loyal
14652,77,1,114.18,0,Lost
14653,1,12,3593.06,2,Champions
14654,738,1,246.86,0,Lost
14655,8,7,3878.51,2,Champions
14656,169,5,790.0,3,Loyal
14657,18,6,1450.19,1,At Risk
14658,5,2,247.15,1,At Risk
14659,9,9,2529.93,2,Champions
14660,87,2,285.74,0,Lost
14661,27,1,107.95,1,At Risk
14662,29,7,1376.43,1,At Risk
14663,430,2,490.6,0,Lost
14664,20,2,636.24,1,At Risk
14665,61,7,2749.65,3,Loyal
14666,24,1,195.25,1,At Risk
14667,11,54,20395.34,2,Champions
14668,445,1,111.63,0,Lost
14669,242,7,3216.78,3,Loyal
14670,280,3,583.33,3,Loyal
14671,549,2,1127.45,3,Loyal
14672,235,4,1113.14,3,Loyal
14673,3,7,3037.32,2,Champions
14674,509,1,173.66,0,Lost
14675,16,2,1015.58,1,At Risk
14676,31,12,8356.79,2,Champions
14677,593,1,184.91,0,Lost
14678,579,1,403.39,0,Lost
14679,382,3,1289.44,3,Loyal
14680,25,58,55688.5,2,Champions
14681,71,6,875.1500000000001,3,Loyal
14682,188,6,1514.81,3,Loyal
14683,588,1,146.56,0,Lost
14684,26,6,1430.03,1,At Risk
14685,576,8,4536.64,3,Loyal
14686,414,5,852.53,3,Loyal
14687,107,3,1402.06,3,Loyal
14688,8,28,7190.42,2,Champions
14689,209,1,112.8,0,Lost
14690,44,4,777.68,1,At Risk
14691,31,5,2114.33,1,At Risk
14692,137,12,1715.1399999999999,3,Loyal
14693,265,7,1165.36,3,Loyal
14694,617,1,244.31,0,Lost
14695,519,3,1534.22,3,Loyal
14696,4,8,2473.28,2,Champions
14697,218,2,188.60999999999999,0,Lost
14698,2,5,1217.27,1,At Risk
14699,214,4,702.6,3,Loyal
14700,32,5,3076.06,3,Loyal
14701,11,15,4487.11,2,Champions
14702,1,29,6368.78,2,Champions
14703,15,1,318.17,1,At Risk
14704,11,11,1752.92,2,Champions
14705,199,1,179.0,0,Lost
14706,619,1,367.54,0,Lost
14707,436,2,139.2,0,Lost
14708,3,5,1793.22,1,At Risk
14709,15,25,8886.33,2,Champions
14710,14,13,1899.79,2,Champions
14711,10,11,2839.62,2,Champions
14712,29,4,1328.0700000000002,1,At Risk
14713,9,21,5115.76,2,Champions
14714,24,4,906.24,1,At Risk
14715,25,8,1825.45,2,Champions
14716,43,3,543.28,1,At Risk
14717,733,1,81.3,0,Lost
14718,410,1,226.42,0,Lost
14719,2,5,1581.84,1,At Risk
14720,6,3,663.81,1,At Risk
14721,379,1,109.07,0,Lost
14722,147,3,489.52,3,Loyal
14723,10,11,1803.06,2,Champions
14724,590,1,341.9,0,Lost
14725,25,4,1252.74,1,At Risk
14726,655,1,116.5,0,Lost
14727,274,3,463.72999999999996,0,Lost
14728,413,1,190.58,0,Lost
14729,374,3,586.24,0,Lost
14730,1,8,1897.57,2,Champions
14731,47,3,380.02,1,At Risk
14732,8,19,5517.07,2,Champions
14733,16,15,14335.15,2,Champions
14734,426,4,1056.42,3,Loyal
14735,4,56,12240.16,2,Champions
14736,485,2,374.05,0,Lost
14737,4,4,3554.17,1,At Risk
14738,43,9,1821.9,3,Loyal
14739,4,25,11573.62,2,Champions
14740,197,11,4161.06,3,Loyal
14741,12,7,1713.09,1,At Risk
14742,435,1,579.85,0,Lost
14743,593,1,50.48,0,Lost
14744,16,14,3660.08,2,Champions
14745,113,12,2551.41,3,Loyal
14746,406,4,593.5,3,Loyal
14747,249,1,328.2,0,Lost
14748,29,10,2681.9,2,Champions
14749,480,1,310.15,0,Lost
14750,736,1,112.03,0,Lost
14751,684,2,126.45,0,Lost
14752,44,1,389.64,1,At Risk
14753,87,2,869.51,1,At Risk
14754,45,6,1547.93,3,Loyal
14755,10,25,9972.550000000001,2,Champions
14756,15,3,2653.76,1,At Risk
14757,75,1,420.5,0,Lost
14758,145,7,2864.97,3,Loyal
14759,5,3,1625.97,1,At Risk
14760,297,1,89.2,0,Lost
14761,59,3,447.92,1,At Risk
14762,264,2,417.57,0,Lost
14764,47,1,278.3,1,At Risk
14765,29,3,254.11,1,At Risk
14766,8,11,6375.7300000000005,2,Champions
14767,474,1,382.81,0,Lost
14768,17,2,192.60000000000002,1,At Risk
14769,3,17,15514.11,2,Champions
14770,232,8,3637.64,3,Loyal
14771,621,2,594.62,0,Lost
14772,112,1,139.26,0,Lost
14773,593,1,140.55,0,Lost
14774,529,1,241.45,0,Lost
14775,58,3,1011.9,1,At Risk
14776,51,15,3708.3,2,Champions
14777,404,1,307.56,0,Lost
14778,127,2,730.86,3,Loyal
14779,281,3,386.15,0,Lost
14780,55,2,447.68,1,At Risk
14782,320,1,200.10000000000002,0,Lost
14783,659,1,307.3,0,Lost
14784,26,3,449.93,1,At Risk
14785,10,2,77.4,1,At Risk
14786,550,1,90.96,0,Lost
14787,471,1,110.65,0,Lost
14788,7,3,1156.32,1,At Risk
14789,29,1,197.64,1,At Risk
14790,17,10,2526.62,2,Champions
14791,607,1,303.63,0,Lost
14792,64,1,6.2,0,Lost
14793,21,2,625.9,1,At Risk
14794,3,10,1953.9,2,Champions
14795,166,1,131.45000000000002,0,Lost
14796,1,27,10169.33,2,Champions
14797,507,1,300.31,0,Lost
14798,53,8,724.31,3,Loyal
14799,51,2,338.15,1,At Risk
14800,48,17,7191.33,2,Champions
14801,61,1,189.34,0,Lost
14802,438,2,1502.98,3,Loyal
14803,162,3,845.55,3,Loyal
14804,9,1,353.27,1,At Risk
14805,15,7,1082.55,1,At Risk
14806,75,2,303.43,0,Lost
14807,391,2,504.14,0,Lost
14808,40,8,2718.6,2,Champions
14809,621,2,686.76,0,Lost
14810,41,13,2354.03,2,Champions
14811,387,1,170.5,0,Lost
14812,599,1,178.85,0,Lost
14813,370,4,888.91,3,Loyal
14814,581,1,154.21,0,Lost
14815,37,2,778.5,1,At Risk
14816,197,1,271.85,0,Lost
14817,200,7,3959.86,3,Loyal
14818,74,6,1153.56,3,Loyal
14819,64,4,456.41,1,At Risk
14820,21,9,1274.76,2,Champions
14821,367,7,1230.15,3,Loyal
14822,485,1,157.70000000000002,0,Lost
14823,180,3,321.43,0,Lost
14824,10,10,4022.9100000000003,2,Champions
14825,4,24,4735.08,2,Champions
14826,582,2,385.2,0,Lost
14828,197,13,9839.460000000001,2,Champions
14829,29,7,1455.8700000000001,1,At Risk
14830,53,1,188.88,0,Lost
14831,680,3,1676.57,3,Loyal
14832,630,1,322.69,0,Lost
14833,499,1,94.8,0,Lost
14834,18,7,2206.16,2,Champions
14835,529,2,297.0,0,Lost
14836,10,3,102.44999999999999,1,At Risk
14837,90,9,3460.32,3,Loyal
14838,423,2,769.9200000000001,0,Lost
14839,418,3,915.28,3,Loyal
14840,268,2,362.71,0,Lost
14841,53,14,7163.0,2,Champions
14842,44,4,2824.69,3,Loyal
14843,437,1,211.79999999999998,0,Lost
14844,64,10,6702.43,2,Champions
14845,600,1,150.0,0,Lost
14846,427,1,437.4,0,Lost
14847,149,3,1348.95,3,Loyal
14848,405,1,310.56,0,Lost
14849,22,43,15407.61,2,Champions
14850,312,7,1770.96,3,Loyal
14851,23,3,829.4100000000001,1,At Risk
14852,58,18,6132.43,2,Champions
14853,24,5,1376.87,1,At Risk
14854,78,11,4303.06,2,Champions
14855,119,7,6520.3,3,Loyal
14856,36,3,1290.53,1,At Risk
14857,60,7,3651.851,3,Loyal
14858,506,1,180.75,0,Lost
14859,13,5,1705.64,1,At Risk
14860,19,1,170.32,1,At Risk
14861,52,10,1380.73,3,Loyal
14862,26,2,841.1999999999999,1,At Risk
14863,29,1,266.76,1,At Risk
14865,7,4,92.52000000000001,1,At Risk
14866,11,19,20746.54,2,Champions
14867,186,16,2952.06,3,Loyal
14868,3,12,4184.01,2,Champions
14869,9,6,2778.14,2,Champions
14870,262,6,1838.95,3,Loyal
14871,3,9,1228.17,2,Champions
14872,484,3,816.6,3,Loyal
14873,210,2,854.13,3,Loyal
14874,535,1,116.18,0,Lost
14875,108,3,2862.4,3,Loyal
14876,521,2,256.7,0,Lost
14877,418,2,425.85,0,Lost
14878,13,25,4076.5,2,Champions
14879,685,1,185.06,0,Lost
14880,77,3,690.59,1,At Risk
14881,20,1,255.4,1,At Risk
14882,27,14,3546.65,2,Champions
14883,19,6,761.59,1,At Risk
14884,669,1,120.6,0,Lost
14885,132,3,1598.12,3,Loyal
14886,253,1,364.8,0,Lost
14887,79,1,1862.0,1,At Risk
14888,207,1,369.2,0,Lost
14889,336,1,135.9,0,Lost
14890,254,3,817.25,3,Loyal
14891,148,4,1106.73,3,Loyal
14892,691,1,202.35000000000002,0,Lost
14893,10,3,1809.6100000000001,1,At Risk
14894,85,3,1492.81,3,Loyal
14895,8,38,25119.54,2,Champions
14896,205,8,1826.0,3,Loyal
14897,8,8,3140.54,2,Champions
14898,23,14,3365.95,2,Champions
14899,395,1,1331.38,0,Lost
14900,522,1,13.919999999999998,0,Lost
14901,11,12,1919.0,2,Champions
14902,26,3,1035.6200000000001,1,At Risk
14903,21,5,2795.33,1,At Risk
14904,2,4,1630.49,1,At Risk
14905,158,8,1971.39,3,Loyal
14906,445,1,68.44,0,Lost
14907,3,16,5547.72,2,Champions
14908,74,2,381.9,1,At Risk
14909,437,3,1404.68,3,Loyal
14910,3,4,434.35,1,At Risk
14911,1,398,291420.81,2,Champions
14912,17,6,1889.25,1,At Risk
14913,36,8,4073.13,2,Champions
14915,91,11,1811.25,3,Loyal
14916,71,8,3042.95,3,Loyal
14917,597,2,1123.75,3,Loyal
14918,116,9,5955.81,3,Loyal
14919,539,1,359.35,0,Lost
14920,213,3,1607.17,3,Loyal
14921,30,2,1316.07,1,At Risk
14922,394,2,843.74,0,Lost
14923,51,1,749.1,1,At Risk
14924,246,3,931.01,3,Loyal
14926,382,2,359.4,0,Lost
14927,397,1,308.2,0,Lost
14928,628,1,223.91000000000003,0,Lost
14929,32,2,836.69,1,At Risk
14930,109,6,5236.7300000000005,3,Loyal
14931,5,5,1257.68,1,At Risk
14932,366,2,666.13,0,Lost
14933,444,4,1770.0,3,Loyal
14934,82,5,3503.5,3,Loyal
14935,297,2,2849.83,3,Loyal
14936,34,12,12410.81,2,Champions
14937,57,3,1621.88,3,Loyal
14938,562,2,2322.43,3,Loyal
14940,418,2,531.49,0,Lost
14941,579,1,182.1,0,Lost
14942,402,4,746.56,3,Loyal
14943,663,1,107.62,0,Lost
14944,30,19,9784.67,2,Champions
14945,414,1,179.4,0,Lost
14946,14,1,100.9,1,At Risk
14947,72,6,1049.79,3,Loyal
14948,23,6,1101.97,1,At Risk
14949,469,4,515.0,3,Loyal
14950,19,1,371.2,1,At Risk
14951,79,1,311.69,0,Lost
14952,60,32,17629.35,2,Champions
14953,25,4,971.32,1,At Risk
14954,12,2,462.12,1,At Risk
14955,733,1,163.77,0,Lost
14956,421,1,1325.0,0,Lost
14957,253,2,261.69,0,Lost
14958,147,6,941.99,3,Loyal
14959,64,4,695.42,1,At Risk
14960,8,2,221.27,1,At Risk
14961,11,22,16410.15,2,Champions
14962,271,4,366.91,0,Lost
14963,10,12,3123.57,2,Champions
14964,247,1,206.21,0,Lost
14965,96,2,596.09,1,At Risk
14966,15,6,1064.26,1,At Risk
14967,50,6,1982.6100000000001,3,Loyal
14968,30,2,501.24,1,At Risk
14969,704,1,906.23,0,Lost
14970,68,12,4919.35,2,Champions
14971,35,3,1097.98,1,At Risk
14972,128,2,145.07,0,Lost
14973,107,3,1314.45,3,Loyal
14974,37,1,89.94,0,Lost
14975,57,2,472.39,1,At Risk
14976,57,7,790.86,3,Loyal
14977,726,1,31.929999999999996,0,Lost
14978,72,10,3112.19,3,Loyal
14979,735,1,429.66,0,Lost
14980,737,1,150.68,0,Lost
14981,246,2,372.92,0,Lost
14982,572,1,237.78,0,Lost
14983,689,1,183.20000000000002,0,Lost
14984,19,6,1260.51,1,At Risk
14985,198,2,292.01,0,Lost
14986,376,2,563.1,0,Lost
14987,16,8,1550.6499999999999,2,Champions
14988,212,7,2038.65,3,Loyal
14989,662,1,342.4,0,Lost
14990,612,2,304.17,0,Lost
14991,430,1,314.67,0,Lost
14992,442,1,210.5,0,Lost
14993,564,1,36.13,0,Lost
14994,382,5,946.72,3,Loyal
14995,39,2,231.98000000000002,1,At Risk
14996,481,2,442.28999999999996,0,Lost
14997,46,4,776.5999999999999,1,At Risk
14998,170,4,753.18,3,Loyal
14999,593,1,129.48000000000002,0,Lost
15000,48,1,490.52,1,At Risk
15001,394,2,199.10999999999999,0,Lost
15002,116,9,4138.08,3,Loyal
15003,473,6,1027.03,3,Loyal
15004,147,1,1220.77,0,Lost
15005,16,56,13754.58,2,Champions
15006,51,2,757.78,1,At Risk
15007,159,1,156.91,0,Lost
15008,480,2,360.0,0,Lost
15009,12,3,1259.43,1,At Risk
15010,36,1,308.94,1,At Risk
15011,396,2,416.6,0,Lost
15012,54,3,646.26,1,At Risk
15013,488,10,1610.82,3,Loyal
15014,43,2,257.67,1,At Risk
15015,501,13,2354.97,3,Loyal
15016,173,5,620.89,3,Loyal
15017,34,1,125.58,1,At Risk
15018,39,3,496.21000000000004,1,At Risk
15019,267,1,252.81,0,Lost
15020,379,1,198.47,0,Lost
15021,9,12,2500.59,2,Champions
15022,12,5,1133.44,1,At Risk
15023,3,20,11578.65,2,Champions
15024,10,16,3559.39,2,Champions
15025,33,2,979.79,1,At Risk
15026,80,5,1048.8899999999999,3,Loyal
15027,31,10,3195.6,2,Champions
15028,8,6,962.94,1,At Risk
15029,620,1,365.1,0,Lost
15030,72,8,1979.91,3,Loyal
15031,4,14,3102.94,2,Champions
15032,256,8,11010.05,3,Loyal
15033,5,10,2557.18,2,Champions
15034,16,14,8231.2,2,Champions
15035,90,1,252.73000000000002,0,Lost
15036,72,3,429.56,1,At Risk
15037,376,2,397.76,0,Lost
15038,59,9,1146.53,3,Loyal
15039,10,93,39141.48,2,Champions
15040,542,1,7.49,0,Lost
15041,170,2,289.4,0,Lost
15042,199,2,315.45,0,Lost
15043,31,6,2870.3199999999997,2,Champions
15044,19,35,16024.15,2,Champions
15045,152,2,735.66,3,Loyal
15046,9,25,7623.79,2,Champions
15047,270,1,343.62,0,Lost
15048,65,4,381.0,1,At Risk
15049,274,1,121.17000000000002,0,Lost
15050,25,5,4087.19,2,Champions
15051,23,9,3926.91,2,Champions
15052,319,1,207.73000000000002,0,Lost
15053,5,3,693.95,1,At Risk
15054,12,2,302.1,1,At Risk
15055,475,3,549.12,0,Lost
15056,520,1,113.64999999999999,0,Lost
15057,275,5,3255.96,3,Loyal
15058,25,16,3387.58,2,Champions
15059,41,19,3491.2,2,Champions
15060,8,4,294.25,1,At Risk
15061,4,127,126389.02,2,Champions
15062,71,8,2585.62,3,Loyal
15063,213,1,370.79999999999995,0,Lost
15064,410,4,1254.41,3,Loyal
15065,38,5,3326.86,3,Loyal
15066,53,1,893.59,1,At Risk
15067,78,5,3862.88,3,Loyal
15068,46,4,1174.9,1,At Risk
15069,179,1,1109.53,0,Lost
15070,373,3,737.0500000000001,3,Loyal
15071,94,4,1455.56,3,Loyal
15072,479,1,187.51999999999998,0,Lost
15073,10,8,2788.02,2,Champions
15074,105,3,1553.1299999999999,3,Loyal
15075,78,1,773.03,1,At Risk
15076,173,3,1447.74,3,Loyal
15077,495,2,2428.08,3,Loyal
15078,7,53,17286.73,2,Champions
15079,213,11,3625.4,3,Loyal
15080,428,2,546.25,0,Lost
15081,22,12,1854.57,2,Champions
15082,669,1,93.35000000000001,0,Lost
15083,257,1,88.2,0,Lost
15084,380,2,965.2,3,Loyal
15085,730,1,347.54,0,Lost
15086,565,2,218.53,0,Lost
15087,282,1,306.94,0,Lost
15088,21,2,1160.07,1,At Risk
15089,10,6,2420.84,2,Champions
15090,308,1,381.32,0,Lost
15091,68,3,1046.6100000000001,3,Loyal
15092,215,3,776.46,3,Loyal
15093,18,23,13702.38,2,Champions
15094,463,2,83.0,0,Lost
15095,104,10,3141.64,3,Loyal
15096,43,1,219.39000000000001,1,At Risk
15097,4,3,908.35,1,At Risk
15098,182,3,39916.5,3,Loyal
15099,84,1,410.48,0,Lost
15100,334,7,2193.8999999999996,3,Loyal
15101,9,6,1477.94,1,At Risk
15102,531,2,554.67,0,Lost
15103,31,2,703.36,1,At Risk
15104,197,2,993.54,3,Loyal
15105,18,9,3094.91,2,Champions
15106,18,5,1422.52,1,At Risk
15107,311,9,824.35,3,Loyal
15108,142,4,1300.25,3,Loyal
15109,246,3,983.1,3,Loyal
15110,24,6,1505.8500000000001,1,At Risk
15111,29,5,2442.37,1,At Risk
15112,611,1,209.4,0,Lost
15113,10,3,3509.43,1,At Risk
15114,30,12,3400.12,2,Champions
15115,18,2,531.85,1,At Risk
15116,18,4,1352.75,1,At Risk
15117,15,8,2485.9700000000003,2,Champions
15118,134,1,244.8,0,Lost
15119,246,1,266.4,0,Lost
15120,134,1,358.82,0,Lost
15121,50,2,457.72,1,At Risk
15122,114,11,4487.27,3,Loyal
15123,7,5,4656.17,2,Champions
15124,23,4,450.82,1,At Risk
15125,25,24,17024.87,2,Champions
15126,537,2,449.49,0,Lost
15127,66,2,711.5,1,At Risk
15128,60,5,1783.68,3,Loyal
15129,50,23,6860.18,2,Champions
15130,170,1,330.11,0,Lost
15131,395,1,80.28,0,Lost
15132,18,5,977.9300000000001,1,At Risk
15133,128,5,1806.9,3,Loyal
15134,15,10,1596.29,2,Champions
15135,239,2,305.68,0,Lost
15136,3,4,1286.7,1,At Risk
15137,521,2,823.4,0,Lost
15138,394,1,502.52,0,Lost
15139,240,2,178.96,0,Lost
15140,52,8,3243.69,2,Champions
15141,458,7,1388.47,3,Loyal
15142,46,6,2619.92,3,Loyal
15143,226,2,563.63,0,Lost
15144,8,29,12160.31,2,Champions
15145,4,4,1194.73,1,At Risk
15146,165,2,1327.16,3,Loyal
15147,240,1,623.5,0,Lost
15148,11,1,301.29,1,At Risk
15149,134,5,1554.6100000000001,3,Loyal
15150,17,13,8977.94,2,Champions
15151,423,2,2085.61,3,Loyal
15152,10,14,5263.83,2,Champions
15153,31,1,329.25,1,At Risk
15154,75,3,1343.72,3,Loyal
15155,383,1,383.96999999999997,0,Lost
15156,1,3,961.49,1,At Risk
15157,4,5,2654.11,1,At Risk
15158,45,2,606.02,1,At Risk
15159,2,34,22116.73,2,Champions
15160,357,4,589.27,3,Loyal
15161,388,1,119.92,0,Lost
15162,731,1,312.9,0,Lost
15163,18,2,304.47,1,At Risk
15164,69,9,2028.1100000000001,3,Loyal
15165,373,1,487.75,0,Lost
15166,468,1,167.16,0,Lost
15167,321,5,1627.62,3,Loyal
15168,26,1,106.56,1,At Risk
15169,382,2,569.22,0,Lost
15170,407,1,81.15,0,Lost
15171,331,1,1289.5,0,Lost
15172,9,5,1624.05,1,At Risk
15173,381,7,1494.6,3,Loyal
15174,323,2,481.46,0,Lost
15175,72,1,224.14,0,Lost
15176,668,1,988.04,0,Lost
15177,426,1,948.93,0,Lost
15178,260,1,40.5,0,Lost
15179,18,13,7491.92,2,Champions
15180,367,3,816.9300000000001,3,Loyal
15181,66,5,1200.2,3,Loyal
15182,154,11,2998.952,3,Loyal
15183,548,3,639.93,0,Lost
15184,29,4,685.39,1,At Risk
15185,70,1,310.62,0,Lost
15186,14,5,1403.2,1,At Risk
15187,2,16,4777.18,2,Champions
15188,725,1,310.43,0,Lost
15189,1,46,17524.38,2,Champions
15190,434,1,834.4399999999999,0,Lost
15191,463,3,588.05,0,Lost
15192,120,5,1666.39,3,Loyal
15193,61,1,499.32,1,At Risk
15194,3,28,12021.53,2,Champions
15195,3,1,3861.0,1,At Risk
15196,433,2,313.7,0,Lost
15197,11,6,1877.51,1,At Risk
15198,92,5,571.35,3,Loyal
15199,59,10,3122.4,2,Champions
15200,495,1,549.05,0,Lost
15201,87,7,1842.95,3,Loyal
15202,420,3,6001.49,3,Loyal
15203,26,15,4400.18,2,Champions
15204,357,1,316.58,0,Lost
15205,85,2,653.24,1,At Risk
15206,10,4,420.29999999999995,1,At Risk
15207,416,3,683.9200000000001,3,Loyal
15208,1,6,970.52,1,At Risk
15209,730,1,178.98000000000002,0,Lost
15210,225,3,1176.19,3,Loyal
15211,60,2,894.4100000000001,1,At Risk
15212,241,2,208.28,0,Lost
15213,319,2,328.35,0,Lost
15214,2,8,1661.44,2,Champions
15215,47,7,2422.43,3,Loyal
15216,88,2,486.09,1,At Risk
15217,563,1,426.24,0,Lost
15218,11,22,11468.83,2,Champions
15219,176,2,685.45,0,Lost
15220,52,6,1778.96,3,Loyal
15221,366,4,2062.2000000000003,3,Loyal
15222,319,11,3550.91,3,Loyal
15223,226,5,1417.95,3,Loyal
15224,358,5,871.36,3,Loyal
15225,234,1,409.40000000000003,0,Lost
15226,311,1,154.41,0,Lost
15227,37,9,2488.4900000000002,2,Champions
15228,66,6,5580.2699999999995,3,Loyal
15229,586,1,160.5,0,Lost
15230,239,2,429.6,0,Lost
15231,621,1,250.26,0,Lost
15232,113,2,612.06,0,Lost
15233,401,1,59.400000000000006,0,Lost
15234,277,1,197.0,0,Lost
15235,218,16,2772.76,3,Loyal
15236,299,1,321.05,0,Lost
15237,2,4,1412.32,1,At Risk
15238,29,3,1071.99,1,At Risk
15239,10,2,780.59,1,At Risk
15240,45,12,4459.98,2,Champions
15241,67,11,3050.16,2,Champions
15242,422,1,302.04,0,Lost
15243,74,2,927.2800000000001,1,At Risk
15244,65,3,912.08,1,At Risk
15245,134,8,4610.84,3,Loyal
15246,238,3,780.4,3,Loyal
15247,122,3,976.06,3,Loyal
15248,411,3,1893.93,3,Loyal
15249,32,18,9266.0,2,Champions
15250,641,1,60.0,0,Lost
15251,9,21,20324.54,2,Champions
15252,36,5,2103.41,3,Loyal
15253,16,8,2055.09,2,Champions
15254,127,3,1088.35,3,Loyal
15255,67,9,3706.02,2,Champions
15256,149,2,170.4,0,Lost
15257,283,2,685.9,0,Lost
15258,169,2,623.16,0,Lost
15259,513,4,1182.3799999999999,3,Loyal
15260,100,25,8767.73,2,Champions
15261,135,4,1508.0,3,Loyal
15262,324,3,418.82,0,Lost
15263,107,1,156.51,0,Lost
15264,64,2,848.4,1,At Risk
15265,151,4,3345.64,3,Loyal
15266,338,5,852.21,3,Loyal
15267,22,5,1717.36,1,At Risk
15268,479,3,961.9000000000001,3,Loyal
15269,24,3,1225.3600000000001,1,At Risk
15270,16,21,8524.86,2,Champions
15271,7,24,4528.54,2,Champions
15272,57,6,2030.95,3,Loyal
15273,600,1,228.96,0,Lost
15274,4,2,716.57,1,At Risk
15275,38,1,615.14,1,At Risk
15276,66,4,619.8,1,At Risk
15277,47,2,476.34,1,At Risk
15278,562,4,496.15999999999997,3,Loyal
15279,355,5,1580.54,3,Loyal
15280,172,3,397.52,0,Lost
15281,59,16,8543.57,2,Champions
15282,570,1,348.59,0,Lost
15283,390,3,148.33,0,Lost
15284,500,1,24.75,0,Lost
15285,408,1,94.92,0,Lost
15286,50,1,240.55,1,At Risk
15287,22,5,856.03,1,At Risk
15288,43,10,3715.38,2,Champions
15289,29,5,1593.09,1,At Risk
15290,5,26,10496.28,2,Champions
15291,26,40,13517.76,2,Champions
15292,201,1,178.39,0,Lost
15293,666,1,247.5,0,Lost
15294,411,1,233.35,0,Lost
15295,654,1,207.04,0,Lost
15296,51,12,10323.03,2,Champions
15297,10,3,641.94,1,At Risk
15298,2,23,9061.77,2,Champions
15299,67,10,6156.53,2,Champions
15300,64,1,496.44,1,At Risk
15301,51,17,6909.67,2,Champions
15302,730,1,308.0,0,Lost
15303,290,3,1224.18,3,Loyal
15304,61,9,796.4000000000001,3,Loyal
15305,555,1,93.6,0,Lost
15306,64,9,3484.73,2,Champions
15307,96,1,205.3,0,Lost
15308,274,1,310.47,0,Lost
15309,611,4,797.96,3,Loyal
15310,479,1,1634.64,0,Lost
15311,1,208,114966.42,2,Champions
15312,75,12,2930.19,2,Champions
15313,110,1,52.0,0,Lost
15314,199,3,820.4499999999999,3,Loyal
15315,64,2,570.5,1,At Risk
15316,327,1,165.0,0,Lost
15317,677,1,129.75,0,Lost
15318,4,1,312.62,1,At Risk
15319,284,1,204.5,0,Lost
15320,44,1,267.13,1,At Risk
15321,71,12,6709.7300000000005,2,Champions
15322,86,2,1390.86,3,Loyal
15323,563,3,434.6,0,Lost
15324,701,1,140.22000000000003,0,Lost
15325,104,8,1601.46,3,Loyal
15326,334,5,1700.52,3,Loyal
15327,53,1,208.75,0,Lost
15328,408,1,107.24,0,Lost
15329,39,11,2958.83,2,Champions
15330,32,2,714.96,1,At Risk
15331,500,3,767.91,3,Loyal
15332,366,6,4892.68,3,Loyal
15333,208,1,1028.56,0,Lost
15334,157,3,350.82,0,Lost
15335,54,1,170.22,0,Lost
15336,402,1,240.5,0,Lost
15337,411,1,373.02,0,Lost
15338,677,1,277.93,0,Lost
15339,66,7,1821.02,3,Loyal
15340,562,1,105.5,0,Lost
15341,81,2,2402.7200000000003,3,Loyal
15342,130,1,406.09,0,Lost
15343,87,1,364.5,0,Lost
15344,1,3,563.94,1,At Risk
15345,46,1,393.54,1,At Risk
15346,333,3,596.12,3,Loyal
15347,366,4,1162.0,3,Loyal
15348,72,1,158.04,0,Lost
15349,158,2,463.90999999999997,0,Lost
15350,373,2,547.6,0,Lost
15351,12,10,3430.22,2,Champions
15352,549,1,111.15,0,Lost
15353,255,7,2794.4700000000003,3,Loyal
15354,603,3,284.4,0,Lost
15355,29,2,277.05,1,At Risk
15356,31,13,3239.57,2,Champions
15358,5,42,16425.86,2,Champions
15359,663,8,181.35,0,Lost
15360,40,1,427.93,1,At Risk
15361,362,4,689.07,3,Loyal
15362,449,2,613.08,0,Lost
15363,373,2,678.11,0,Lost
15364,96,2,913.19,3,Loyal
15365,26,13,4557.13,2,Champions
15366,75,7,2389.08,3,Loyal
15367,57,11,5081.33,2,Champions
15368,21,2,722.74,1,At Risk
15369,492,11,6251.26,3,Loyal
15370,41,8,3739.01,2,Champions
15371,662,1,59.400000000000006,0,Lost
15372,137,8,6017.06,3,Loyal
15373,8,17,3084.54,2,Champions
15374,129,2,307.32,0,Lost
15375,690,1,60.959999999999994,0,Lost
15376,40,3,1221.56,1,At Risk
15377,383,4,1211.75,3,Loyal
15378,463,2,246.5,0,Lost
15379,169,8,4877.84,3,Loyal
15380,9,11,3248.96,2,Champions
15381,214,5,1890.5700000000002,3,Loyal
15382,15,12,13733.550000000001,2,Champions
15384,170,4,2027.79,3,Loyal
15385,40,3,942.08,1,At Risk
15386,186,1,394.14,0,Lost
15387,492,1,468.65,0,Lost
15388,270,1,140.54,0,Lost
15389,172,5,2733.8,3,Loyal
15390,396,2,1216.66,3,Loyal
15391,584,1,289.87,0,Lost
15392,5,7,2911.62,2,Champions
15393,16,5,891.34,1,At Risk
15394,10,11,5286.8,2,Champions
15395,326,1,107.45,0,Lost
15396,113,2,796.38,3,Loyal
15397,290,1,94.0,0,Lost
15398,16,2,1345.53,1,At Risk
15399,1,3,815.77,1,At Risk
15400,92,8,1302.3,3,Loyal
15401,452,2,216.95000000000002,0,Lost
15402,149,6,1830.54,3,Loyal
15403,492,2,170.88,0,Lost
15404,376,1,257.06,0,Lost
15405,189,2,659.84,0,Lost
15406,31,4,975.87,1,At Risk
15407,34,4,1046.74,1,At Risk
15408,264,1,267.18,0,Lost
15409,721,1,131.25,0,Lost
15410,84,10,4685.72,2,Champions
15411,26,4,1348.93,1,At Risk
15412,171,1,190.53,0,Lost
15413,692,5,6798.72,3,Loyal
15414,10,3,774.9000000000001,1,At Risk
15415,313,1,559.61,0,Lost
15416,65,7,4572.82,3,Loyal
15417,85,1,508.8,0,Lost
15418,425,2,449.42,0,Lost
15419,25,1,135.86,1,At Risk
15420,434,6,743.0,3,Loyal
15421,59,10,3805.34,2,Champions
15422,323,7,1619.97,3,Loyal
15423,38,3,266.89,1,At Risk
15424,254,3,597.78,3,Loyal
15425,400,4,1941.1200000000001,3,Loyal
15426,19,9,2156.35,2,Champions
15427,33,3,1430.54,1,At Risk
15428,15,4,762.75,1,At Risk
15429,27,2,397.35,1,At Risk
15430,468,2,954.75,3,Loyal
15431,503,1,153.24,0,Lost
15432,23,2,320.76,1,At Risk
15433,214,2,533.3,0,Lost
15434,8,11,2567.06,2,Champions
15435,22,1,149.29,1,At Risk
15436,12,3,1067.75,1,At Risk
15437,262,2,393.45,0,Lost
15438,131,1,156.57999999999998,0,Lost
15439,405,4,1269.05,3,Loyal
15440,55,3,383.68,1,At Risk
15441,396,3,1254.21,3,Loyal
15442,249,1,594.0,0,Lost
15443,2,14,5114.23,2,Champions
15444,9,2,1411.21,1,At Risk
15445,264,2,284.5,0,Lost
15446,377,3,399.75,0,Lost
15447,331,5,492.88,3,Loyal
15448,313,2,788.81,0,Lost
15449,26,3,974.52,1,At Risk
15450,30,1,429.84,1,At Risk
15451,434,2,226.86,0,Lost
15452,30,6,1785.1100000000001,1,At Risk
15453,2,7,1371.77,1,At Risk
15454,362,2,305.99,0,Lost
15455,598,1,38.25,0,Lost
15456,283,10,2091.52,3,Loyal
15457,262,1,237.07,0,Lost
15458,25,2,370.43999999999994,1,At Risk
15459,417,2,202.82999999999998,0,Lost
15460,354,1,214.26,0,Lost
15461,461,2,429.7,0,Lost
15462,94,4,737.05,3,Loyal
15463,29,1,126.14,1,At Risk
15464,338,1,1044.65,0,Lost
15465,20,32,12100.4,2,Champions
15466,85,4,1560.46,3,Loyal
15467,9,3,524.88,1,At Risk
15468,51,3,1430.48,1,At Risk
15469,50,3,874.25,1,At Risk
15470,576,1,63.419999999999995,0,Lost
15471,2,3,1292.01,1,At Risk
15472,113,1,371.56,0,Lost
15473,14,8,2046.0,2,Champions
15474,596,1,150.35,0,Lost
15475,77,1,454.10999999999996,0,Lost
15476,380,4,2209.98,3,Loyal
15477,650,1,368.4,0,Lost
15478,40,3,1983.48,1,At Risk
15479,733,1,147.4,0,Lost
15480,116,5,6279.0,3,Loyal
15481,401,1,1993.34,3,Loyal
15482,16,19,14417.36,2,Champions
15483,161,10,817.8199999999999,3,Loyal
15484,1,6,4652.1,2,Champions
15485,30,7,4810.92,2,Champions
15486,527,1,102.0,0,Lost
15487,680,1,231.32,0,Lost
15488,93,5,431.92,3,Loyal
15489,23,8,2419.61,2,Champions
15490,430,1,210.85,0,Lost
15491,95,6,3100.09,3,Loyal
15492,28,2,659.4599999999999,1,At Risk
15493,33,9,4121.68,2,Champions
15494,21,5,3702.6,2,Champions
15495,379,1,246.5,0,Lost
15496,631,1,146.14000000000001,0,Lost
15497,18,9,8657.39,2,Champions
15498,3,44,24972.86,2,Champions
15499,724,1,158.65,0,Lost
15500,8,4,1131.56,1,At Risk
15501,405,2,399.95,0,Lost
15502,16,14,13003.869999999999,2,Champions
15503,363,2,257.3,0,Lost
15504,81,4,402.7,1,At Risk
15505,53,5,3610.96,3,Loyal
15506,23,6,2030.33,1,At Risk
15507,172,1,475.86,0,Lost
15508,189,6,1000.27,3,Loyal
15509,380,1,152.41,0,Lost
15510,331,1,250.0,0,Lost
15511,12,5,900.53,1,At Risk
15512,156,4,331.58,0,Lost
15513,33,35,26437.05,2,Champions
15514,12,18,6392.06,2,Champions
15515,387,1,171.81,0,Lost
15516,45,3,62.43,0,Lost
15517,233,1,267.03,0,Lost
15518,64,15,4189.99,2,Champions
15519,383,2,344.61,0,Lost
15520,2,1,343.5,1,At Risk
15521,40,16,7098.24,2,Champions
15522,33,2,397.99,1,At Risk
15523,84,16,17259.19,2,Champions
15524,25,2,591.4,1,At Risk
15525,2,4,890.22,1,At Risk
15526,33,2,148.44,1,At Risk
15527,19,23,5554.89,2,Champions
15528,254,1,229.33,0,Lost
15529,23,12,4783.66,2,Champions
15530,22,5,1808.68,1,At Risk
15531,8,2,1972.39,1,At Risk
15532,25,10,3738.85,2,Champions
15533,19,3,807.57,1,At Risk
15534,726,1,162.25,0,Lost
15535,173,6,1044.3700000000001,3,Loyal
15536,409,1,259.09,0,Lost
15537,163,1,110.92,0,Lost
15538,538,6,3358.3999999999996,3,Loyal
15539,7,1,538.46,1,At Risk
15540,11,2,460.68,1,At Risk
15541,114,1,85.13000000000001,0,Lost
15542,512,3,855.71,3,Loyal
15543,288,2,242.26,0,Lost
15544,9,20,7807.89,2,Champions
15545,54,2,288.96999999999997,1,At Risk
15546,607,2,1079.1000000000001,3,Loyal
15547,7,26,10057.05,2,Champions
15548,596,1,158.09,0,Lost
15549,77,8,2334.16,3,Loyal
15550,4,12,2211.05,2,Champions
15551,37,7,1679.81,3,Loyal
15552,217,2,252.52,0,Lost
15553,60,1,428.93,1,At Risk
15554,278,1,217.2,0,Lost
15555,12,36,11243.91,2,Champions
15556,24,1,279.77,1,At Risk
15557,29,1,468.91,1,At Risk
15558,639,1,202.68,0,Lost
15559,568,1,1109.4,0,Lost
15560,398,2,153.52,0,Lost
15561,12,8,1934.3899999999999,2,Champions
15562,352,3,671.4300000000001,3,Loyal
15563,22,7,2859.46,2,Champions
15564,463,2,70.74000000000001,0,Lost
15565,50,2,173.16,1,At Risk
15566,393,2,227.87,0,Lost
15567,19,1,186.01,1,At Risk
15568,3,3,758.29,1,At Risk
15569,104,10,3583.45,3,Loyal
15570,7,25,8736.49,2,Champions
15571,12,14,3892.35,2,Champions
15572,5,10,3965.2,2,Champions
15573,32,5,1188.42,1,At Risk
15574,178,6,1101.44,3,Loyal
15575,620,1,30.1,0,Lost
15576,38,1,921.37,1,At Risk
15577,151,5,396.03000000000003,3,Loyal
15578,162,1,127.1,0,Lost
15579,69,5,1250.63,3,Loyal
15580,377,8,1375.39,3,Loyal
15581,121,38,7480.4,2,Champions
15582,25,3,682.9100000000001,1,At Risk
15583,376,1,95.96,0,Lost
15584,24,6,1268.2,1,At Risk
15585,177,1,455.3,0,Lost
15586,593,3,1139.1,3,Loyal
15587,50,7,1522.0800000000002,3,Loyal
15588,678,1,579.6,0,Lost
15589,256,3,478.53000000000003,0,Lost
15590,382,5,1496.6,3,Loyal
15591,583,3,217.9,0,Lost
15592,47,1,388.58,1,At Risk
15593,71,1,199.8,0,Lost
15594,16,5,1771.78,1,At Risk
15595,488,1,357.6,0,Lost
15596,101,9,2727.72,3,Loyal
15597,35,2,563.37,1,At Risk
15598,53,2,548.02,1,At Risk
15599,27,3,1250.06,1,At Risk
15600,428,4,1199.31,3,Loyal
15601,11,30,14191.74,2,Champions
15602,8,16,3137.96,2,Champions
15603,79,2,88.48,0,Lost
15604,52,1,216.39,0,Lost
15605,36,9,1741.95,2,Champions
15606,61,17,5230.99,2,Champions
15607,337,9,1708.97,3,Loyal
15608,28,5,1785.98,1,At Risk
15609,184,1,298.48,0,Lost
15610,52,1,112.46000000000001,0,Lost
15611,10,26,2997.28,2,Champions
15612,36,2,195.15,1,At Risk
15613,610,1,433.71999999999997,0,Lost
15614,438,4,3147.36,3,Loyal
15615,10,47,21373.97,2,Champions
15616,438,1,317.11,0,Lost
15617,396,3,828.5500000000001,3,Loyal
15618,33,4,776.851,1,At Risk
15619,11,1,336.40000000000003,1,At Risk
15620,57,4,1942.36,3,Loyal
15621,4,4,1293.03,1,At Risk
15622,43,17,7852.61,2,Champions
15623,141,8,2437.05,3,Loyal
15624,117,4,588.13,3,Loyal
15625,104,9,3236.4,3,Loyal
15626,75,3,1067.52,3,Loyal
15627,457,2,566.9,0,Lost
15628,5,17,5333.08,2,Champions
15629,450,4,2240.9,3,Loyal
15630,45,3,1481.4,1,At Risk
15631,642,1,596.67,0,Lost
15632,16,8,3285.31,2,Champions
15633,509,13,4335.96,3,Loyal
15634,17,2,554.65,1,At Risk
15635,396,1,100.35,0,Lost
15636,90,4,1444.58,3,Loyal
15637,53,5,797.59,1,At Risk
15638,379,6,2265.2,3,Loyal
15639,134,3,1065.08,3,Loyal
15640,4,29,23494.31,2,Champions
15641,105,12,5345.55,2,Champions
15642,730,1,105.78000000000002,0,Lost
15643,192,3,664.0,3,Loyal
15644,166,4,803.54,3,Loyal
15645,19,3,1055.17,1,At Risk
15646,158,5,784.8100000000001,3,Loyal
15647,415,1,169.0,0,Lost
15648,204,2,639.5,0,Lost
15649,336,4,1660.35,3,Loyal
15650,522,2,553.88,0,Lost
15651,37,5,1259.06,1,At Risk
15652,91,5,1405.94,3,Loyal
15653,93,2,877.4399999999999,3,Loyal
15654,9,2,922.53,1,At Risk
15655,243,1,560.67,0,Lost
15656,45,4,748.5,1,At Risk
15657,23,1,30.0,0,Lost
15658,190,8,2117.27,3,Loyal
15659,44,3,532.49,1,At Risk
15660,25,15,2603.69,2,Champions
15661,317,8,1215.95,3,Loyal
15662,661,2,283.73,0,Lost
15663,106,1,138.14,0,Lost
15664,51,4,1254.03,1,At Risk
15665,168,5,3987.07,3,Loyal
15666,472,2,632.9399999999999,0,Lost
15667,40,1,301.32,1,At Risk
15668,218,1,76.32000000000001,0,Lost
15669,40,4,684.34,1,At Risk
15670,297,2,325.2,0,Lost
15671,19,7,2657.13,2,Champions
15672,725,1,45.300000000000004,0,Lost
15673,88,9,6204.32,2,Champions
15674,73,13,6948.2300000000005,2,Champions
15675,81,4,542.04,3,Loyal
15676,19,3,3435.76,1,At Risk
15677,49,3,1305.63,1,At Risk
15678,53,3,1825.94,3,Loyal
15679,24,4,781.28,1,At Risk
15680,9,10,4028.69,2,Champions
15681,25,14,2989.7,2,Champions
15682,599,2,318.24,0,Lost
15683,117,2,524.54,0,Lost
15684,547,3,173.95,0,Lost
15685,450,1,55.980000000000004,0,Lost
15686,420,1,90.0,0,Lost
15687,9,9,2993.1,2,Champions
15688,419,1,190.57,0,Lost
15689,120,3,521.03,3,Loyal
15690,4,2,239.76,1,At Risk
15691,252,4,571.3,3,Loyal
15692,28,1,191.04,1,At Risk
15693,659,1,37.5,0,Lost
15694,1,24,9978.48,2,Champions
15695,267,4,1131.04,3,Loyal
15696,33,13,3881.2200000000003,2,Champions
15697,690,1,246.75,0,Lost
15698,624,1,46.2,0,Lost
15699,18,1,309.65,1,At Risk
15700,172,2,696.68,0,Lost
15701,2,4,1529.0,1,At Risk
15702,476,2,140.39000000000001,0,Lost
15703,265,1,211.5,0,Lost
15704,140,6,3734.6600000000003,3,Loyal
15705,201,1,143.1,0,Lost
15706,64,4,1060.56,3,Loyal
15707,35,4,916.98,1,At Risk
15708,41,9,3887.15,2,Champions
15709,284,2,327.85,0,Lost
15710,417,1,898.87,0,Lost
15711,557,2,420.25,0,Lost
15712,9,12,3472.4100000000003,2,Champions
15713,143,4,839.64,3,Loyal
15714,12,5,783.96,1,At Risk
15715,556,5,658.02,3,Loyal
15716,146,11,2485.26,3,Loyal
15717,234,5,607.0,3,Loyal
15718,540,1,293.79,0,Lost
15719,33,31,10195.97,2,Champions
15720,24,2,739.22,1,At Risk
15721,12,1,471.40000000000003,1,At Risk
15722,36,11,5234.0,2,Champions
15723,365,4,930.7,3,Loyal
15724,201,3,310.85,0,Lost
15725,15,1,415.25,1,At Risk
15726,390,1,321.91,0,Lost
15727,17,15,9371.71,2,Champions
15728,380,2,544.6,0,Lost
15729,213,3,192.55,0,Lost
15730,66,5,1726.58,3,Loyal
15731,554,1,125.3,0,Lost
15732,212,10,1543.97,3,Loyal
15733,283,1,162.3,0,Lost
15734,115,4,2263.3,3,Loyal
15735,421,1,327.68,0,Lost
15736,435,2,1767.12,3,Loyal
15737,15,8,1188.1200000000001,1,At Risk
15738,19,41,13043.32,2,Champions
15739,66,1,449.12,1,At Risk
15740,49,1,154.88,0,Lost
15741,458,2,208.62,0,Lost
15742,619,1,156.87,0,Lost
15743,16,4,775.96,1,At Risk
15744,78,1,34.8,0,Lost
15745,19,4,1094.59,1,At Risk
15746,134,1,196.88,0,Lost
15747,13,9,2499.81,2,Champions
15748,40,3,609.8100000000001,1,At Risk
15749,235,3,44534.3,3,Loyal
15750,3,18,6452.991,2,Champions
15751,461,11,1380.44,3,Loyal
15752,40,9,3924.91,2,Champions
15753,305,1,79.2,0,Lost
15754,51,9,3037.61,2,Champions
15755,10,17,5993.12,2,Champions
15756,61,4,528.01,1,At Risk
15757,66,6,2940.36,3,Loyal
15758,25,1,205.25,1,At Risk
15759,218,7,830.9300000000001,3,Loyal
15760,631,2,13916.34,3,Loyal
15761,443,1,143.05,0,Lost
15762,65,2,583.75,1,At Risk
15763,32,2,1086.92,1,At Risk
15764,88,8,4503.08,3,Loyal
15765,667,1,370.63,0,Lost
15766,64,3,831.06,1,At Risk
15768,116,34,15308.89,2,Champions
15769,7,46,88612.52,2,Champions
15770,613,1,321.45,0,Lost
15771,604,3,1006.54,3,Loyal
15772,418,1,280.88,0,Lost
15773,6,2,774.52,1,At Risk
15774,69,6,1288.34,3,Loyal
15775,245,2,150.5,0,Lost
15776,133,1,241.62,0,Lost
15777,241,7,1762.61,3,Loyal
15778,431,1,307.95,0,Lost
15779,463,2,124.08000000000001,0,Lost
15780,184,3,475.28000000000003,0,Lost
15781,25,3,345.46,1,At Risk
15782,10,4,4014.1,1,At Risk
15783,11,1,246.3,1,At Risk
15784,468,2,848.3299999999999,0,Lost
15785,33,16,5969.93,2,Champions
15786,46,5,8501.62,2,Champions
15787,26,3,933.26,1,At Risk
15788,509,1,221.82999999999998,0,Lost
15789,358,6,1962.01,3,Loyal
15790,10,1,218.75,1,At Risk
15791,44,5,3608.34,3,Loyal
15792,400,2,933.84,3,Loyal
15793,15,8,2399.57,2,Champions
15794,736,2,777.0,0,Lost
15795,150,8,1979.8700000000001,3,Loyal
15796,1,17,5171.63,2,Champions
15797,113,6,2821.08,3,Loyal
15798,493,3,1535.37,3,Loyal
15799,76,4,1421.34,3,Loyal
15800,107,7,1227.07,3,Loyal
15801,46,3,1063.95,1,At Risk
15802,143,1,451.42,0,Lost
15803,51,4,1929.66,3,Loyal
15804,1,13,4206.39,2,Champions
15805,23,30,10148.93,2,Champions
15806,46,3,784.58,1,At Risk
15807,50,5,1817.52,3,Loyal
15808,306,21,17180.25,2,Champions
15809,36,7,1274.44,1,At Risk
15810,79,8,2999.04,3,Loyal
15811,22,7,3486.15,2,Champions
15812,107,12,5201.47,2,Champions
15813,208,2,1303.9099999999999,3,Loyal
15814,17,6,2634.44,2,Champions
15815,64,5,2100.6,3,Loyal
15816,542,2,144.14999999999998,0,Lost
15817,421,3,2766.4,3,Loyal
15818,588,1,340.5,0,Lost
15819,49,10,3934.79,2,Champions
15820,320,1,206.98,0,Lost
15821,44,2,570.96,1,At Risk
15822,3,6,1840.06,1,At Risk
15823,372,3,3882.17,3,Loyal
15824,453,2,890.94,0,Lost
15825,172,1,532.94,0,Lost
15826,56,4,2598.28,3,Loyal
15827,73,28,3603.14,2,Champions
15828,375,1,1108.82,0,Lost
15829,99,2,636.14,1,At Risk
15830,38,1,576.0,1,At Risk
15831,58,3,794.64,1,At Risk
15832,254,1,836.79,0,Lost
15833,738,1,80.4,0,Lost
15834,70,7,3764.39,3,Loyal
15835,44,4,954.09,1,At Risk
15836,50,1,137.37,0,Lost
15837,65,2,777.01,1,At Risk
15838,11,34,73205.5,2,Champions
15839,33,3,1048.49,1,At Risk
15840,59,2,355.56,1,At Risk
15841,73,9,2742.41,3,Loyal
15842,393,2,548.8,0,Lost
15843,304,1,118.95000000000002,0,Lost
15844,46,1,130.73999999999998,0,Lost
15845,18,11,4426.28,2,Champions
15846,385,1,107.01,0,Lost
15847,38,5,822.57,1,At Risk
15848,622,1,137.99,0,Lost
15850,19,6,1006.75,1,At Risk
15851,527,1,109.73,0,Lost
15852,187,3,257.26,0,Lost
15853,52,1,110.8,0,Lost
15854,4,21,5578.28,2,Champions
15855,137,6,1052.72,3,Loyal
15856,4,52,32275.95,2,Champions
15857,19,2,570.48,1,At Risk
15858,16,13,3552.41,2,Champions
15859,432,1,438.46,0,Lost
15860,41,17,2361.3,2,Champions
15861,12,12,4369.2,2,Champions
15862,8,13,2512.29,2,Champions
15863,26,5,355.1,1,At Risk
15864,22,7,2180.76,2,Champions
15865,41,5,2241.42,3,Loyal
15866,101,1,211.89,0,Lost
15867,5,31,8923.3,2,Champions
15868,583,1,94.53,0,Lost
15869,277,3,321.11,0,Lost
15870,33,4,857.46,1,At Risk
15871,437,1,33.099999999999994,0,Lost
15872,15,4,729.25,1,At Risk
15873,500,4,313.91999999999996,0,Lost
15874,64,21,11284.76,2,Champions
15875,646,1,108.52,0,Lost
15876,409,2,1449.1399999999999,3,Loyal
15877,2,2,490.33,1,At Risk
15878,562,2,330.77,0,Lost
15879,404,4,1137.8,3,Loyal
15880,369,1,329.03000000000003,0,Lost
15881,312,5,501.39000000000004,3,Loyal
15882,199,8,1124.66,3,Loyal
15883,2,2,396.48,1,At Risk
15884,432,2,244.60000000000002,0,Lost
15885,93,15,1951.82,2,Champions
15886,60,4,1052.8700000000001,3,Loyal
15887,407,3,1027.15,3,Loyal
15888,81,3,429.16,1,At Risk
15889,157,8,1427.6,3,Loyal
15890,395,5,535.65,3,Loyal
15891,227,1,511.68,0,Lost
15892,669,1,128.2,0,Lost
15893,482,1,305.28000000000003,0,Lost
15894,253,2,258.25,0,Lost
15895,150,1,179.17,0,Lost
15897,194,2,208.59,0,Lost
15898,1,25,4996.45,2,Champions
15899,369,1,56.25,0,Lost
15900,24,4,886.5699999999999,1,At Risk
15901,17,7,687.72,1,At Risk
15902,380,1,145.01,0,Lost
15903,10,12,8939.84,2,Champions
15904,8,1,164.68,1,At Risk
15905,543,1,114.69,0,Lost
15906,20,10,2530.19,2,Champions
15907,4,3,882.72,1,At Risk
15908,491,2,758.62,0,Lost
15909,174,1,191.94,0,Lost
15910,1,15,2661.17,2,Champions
15911,624,8,1700.24,3,Loyal
15912,178,9,1074.7,3,Loyal
15913,534,1,6.300000000000001,0,Lost
15914,378,2,205.99,0,Lost
15915,402,1,364.45,0,Lost
15916,16,13,3145.2400000000002,2,Champions
15917,248,5,530.17,3,Loyal
15918,191,3,582.88,3,Loyal
15919,20,2,525.69,1,At Risk
15920,154,9,569.14,3,Loyal
15921,173,4,775.26,3,Loyal
15922,373,1,369.5,0,Lost
15923,373,1,127.08,0,Lost
15924,731,1,102.82,0,Lost
15925,194,1,207.15,0,Lost
15926,542,1,134.44,0,Lost
15927,647,1,106.54,0,Lost
15928,656,1,293.53,0,Lost
15929,644,1,594.0,0,Lost
15930,67,1,426.63,0,Lost
15931,428,1,239.9,0,Lost
15932,4,8,2495.87,2,Champions
15933,21,3,1107.46,1,At Risk
15934,418,2,2190.66,3,Loyal
15935,239,2,416.86,0,Lost
15936,379,2,282.79,0,Lost
15937,64,1,145.35,0,Lost
15938,112,9,734.81,3,Loyal
15939,90,16,9060.39,2,Champions
15940,311,1,35.8,0,Lost
15941,637,1,405.0,0,Lost
15942,134,1,337.44,0,Lost
15943,650,2,271.28999999999996,0,Lost
15944,277,4,2164.24,3,Loyal
15945,365,4,646.27,3,Loyal
15946,503,3,2304.18,3,Loyal
15947,83,1,1708.24,1,At Risk
15948,8,3,1509.0900000000001,1,At Risk
15949,17,2,364.72,1,At Risk
15950,32,10,7120.91,2,Champions
15951,9,3,1013.17,1,At Risk
15952,34,4,781.91,1,At Risk
15953,15,18,3440.3399999999997,2,Champions
15954,589,1,190.75,0,Lost
15955,24,22,8085.9800000000005,2,Champions
15956,551,2,617.6,0,Lost
15957,32,3,921.25,1,At Risk
15958,74,4,462.12,1,At Risk
15959,682,3,542.89,0,Lost
15960,374,4,410.95,0,Lost
15961,379,1,451.28999999999996,0,Lost
15962,449,1,289.48,0,Lost
15963,20,2,470.76,1,At Risk
15964,663,1,269.21000000000004,0,Lost
15965,17,13,2771.94,2,Champions
15966,451,1,426.53000000000003,0,Lost
15967,23,12,2966.0,2,Champions
15968,388,1,404.55,0,Lost
15969,3,5,1127.05,1,At Risk
15970,304,2,1017.32,3,Loyal
15971,18,18,5902.83,2,Champions
15972,456,5,1769.33,3,Loyal
15973,367,3,680.62,3,Loyal
15974,39,7,3442.15,2,Champions
15975,84,1,371.01,0,Lost
15976,165,6,1694.41,3,Loyal
15977,17,2,1054.73,1,At Risk
15978,77,3,3279.42,3,Loyal
15979,603,1,329.22,0,Lost
15980,89,7,6543.68,3,Loyal
15981,25,21,9362.77,2,Champions
15982,605,1,324.51,0,Lost
15983,22,8,3110.37,2,Champions
15984,3,30,8393.02,2,Champions
15985,123,7,2715.28,3,Loyal
15986,30,2,354.42,1,At Risk
15987,12,8,1535.99,2,Champions
15988,19,3,738.89,1,At Risk
15989,376,2,368.31,0,Lost
15990,44,7,1997.75,3,Loyal
15991,534,1,150.55,0,Lost
15992,4,3,896.6,1,At Risk
15993,9,7,2777.67,2,Champions
15994,55,3,1175.68,1,At Risk
15995,414,1,694.54,0,Lost
15996,88,7,1386.4,3,Loyal
15998,37,16,8274.14,2,Champions
15999,736,1,20.4,0,Lost
16000,3,3,12393.7,2,Champions
16001,381,1,583.39,0,Lost
16002,625,1,169.21,0,Lost
16003,30,10,5613.83,2,Champions
16004,475,5,2146.39,3,Loyal
16005,12,10,2365.4900000000002,2,Champions
16006,211,2,332.82,0,Lost
16007,48,7,3053.06,3,Loyal
16008,24,15,5339.13,2,Champions
16009,22,4,972.11,1,At Risk
16010,246,11,1694.86,3,Loyal
16011,8,29,5601.01,2,Champions
16012,35,5,2978.59,3,Loyal
16013,4,84,56078.44,2,Champions
16014,38,5,1100.28,1,At Risk
16015,4,3,704.55,1,At Risk
16016,3,11,2083.4,2,Champions
16017,47,5,1545.58,3,Loyal
16018,39,4,698.13,1,At Risk
16019,47,27,17329.16,2,Champions
16020,17,3,851.01,1,At Risk
16021,395,2,487.03,0,Lost
16022,260,1,602.63,0,Lost
16023,46,3,719.81,1,At Risk
16024,12,3,483.99,1,At Risk
16025,30,1,439.65999999999997,1,At Risk
16026,43,1,236.09,1,At Risk
16027,92,15,2048.36,2,Champions
16028,596,1,82.2,0,Lost
16029,39,107,117763.62,2,Champions
16030,310,1,331.24,0,Lost
16031,92,2,547.9,1,At Risk
16032,456,6,1965.72,3,Loyal
16033,6,27,10608.81,2,Champions
16034,196,6,911.3199999999999,3,Loyal
16035,560,1,217.73,0,Lost
16036,87,4,2556.84,3,Loyal
16037,270,5,1509.34,3,Loyal
16038,8,3,471.78000000000003,1,At Risk
16039,424,2,456.4,0,Lost
16040,65,7,2416.9,3,Loyal
16041,31,3,3166.4,1,At Risk
16042,22,8,2245.32,2,Champions
16043,38,8,1856.5900000000001,3,Loyal
16044,435,1,340.84000000000003,0,Lost
16045,120,8,3434.9300000000003,3,Loyal
16046,562,1,235.78,0,Lost
16047,682,1,107.14,0,Lost
16048,373,4,818.7900000000001,3,Loyal
16049,40,6,1852.15,3,Loyal
16050,174,3,300.7,0,Lost
16051,682,1,188.44,0,Lost
16052,54,1,362.06,1,At Risk
16053,33,6,3634.84,2,Champions
16054,145,4,2111.88,3,Loyal
16055,221,1,134.8,0,Lost
16056,45,1,650.75,1,At Risk
16057,16,10,3854.85,2,Champions
16058,406,1,62.7,0,Lost
16059,66,12,3053.57,2,Champions
16060,401,3,541.95,0,Lost
16061,431,1,89.65,0,Lost
16062,10,8,2863.45,2,Champions
16063,260,1,335.32,0,Lost
16064,725,1,109.31,0,Lost
16065,365,8,1992.13,3,Loyal
16066,17,5,1521.04,1,At Risk
16067,563,3,3269.11,3,Loyal
16068,594,1,115.73,0,Lost
16069,418,1,457.7,0,Lost
16070,22,2,852.15,1,At Risk
16071,45,4,1076.8,1,At Risk
16072,288,4,4180.09,3,Loyal
16073,297,1,122.39999999999999,0,Lost
16074,390,1,252.5,0,Lost
16075,503,2,736.9300000000001,0,Lost
16076,3,10,2234.73,2,Champions
16077,626,1,2300.4,3,Loyal
16078,284,2,362.99,0,Lost
16079,17,3,1352.0,1,At Risk
16080,82,4,602.5600000000001,3,Loyal
16081,56,8,4278.96,2,Champions
16082,670,1,106.75,0,Lost
16083,101,4,2351.42,3,Loyal
16084,299,1,436.18,0,Lost
16085,23,12,2341.03,2,Champions
16086,59,10,2687.73,2,Champions
16087,389,5,1739.92,3,Loyal
16088,576,2,1437.43,3,Loyal
16089,386,2,263.49,0,Lost
16090,624,1,180.56,0,Lost
16091,155,2,315.06,0,Lost
16092,115,6,1587.94,3,Loyal
16093,107,1,17.0,0,Lost
16094,12,11,3695.56,2,Champions
16095,456,1,447.05,0,Lost
16096,264,4,1584.97,3,Loyal
16097,240,1,185.04999999999998,0,Lost
16098,88,14,4010.7,2,Champions
16099,50,7,1573.2,3,Loyal
16100,463,1,582.64,0,Lost
16101,71,4,3229.16,3,Loyal
16102,42,3,1842.14,1,At Risk
16103,7,22,6191.71,2,Champions
16104,62,9,2774.46,3,Loyal
16105,249,5,2386.19,3,Loyal
16106,66,1,108.38,0,Lost
16107,18,7,3204.1600000000003,2,Champions
16108,85,4,2235.92,3,Loyal
16109,219,3,939.48,3,Loyal
16110,45,4,1781.59,3,Loyal
16111,428,1,549.33,0,Lost
16112,143,4,195.73999999999998,0,Lost
16113,183,1,161.38,0,Lost
16114,171,1,135.75000000000003,0,Lost
16115,10,12,2553.8,2,Champions
16116,212,1,612.78,0,Lost
16117,190,3,654.4,3,Loyal
16118,653,1,4376.25,3,Loyal
16119,8,8,1720.81,2,Champions
16120,59,6,2967.51,3,Loyal
16121,57,5,1450.04,3,Loyal
16122,73,6,895.62,3,Loyal
16123,52,1,307.78,1,At Risk
16124,317,4,1772.49,3,Loyal
16125,367,14,4292.35,3,Loyal
16126,29,15,14644.6,2,Champions
16127,39,2,801.31,1,At Risk
16128,18,11,3801.05,2,Champions
16129,407,3,1396.05,3,Loyal
16130,422,4,987.48,3,Loyal
16131,52,12,9957.42,2,Champions
16132,544,2,664.1999999999999,0,Lost
16133,4,56,22992.260000000002,2,Champions
16134,22,5,2145.34,1,At Risk
16135,263,2,819.45,3,Loyal
16136,60,4,946.8,3,Loyal
16137,680,1,422.7,0,Lost
16138,379,3,910.35,3,Loyal
16139,19,5,1111.15,1,At Risk
16140,66,3,1433.46,3,Loyal
16141,88,2,955.94,3,Loyal
16142,250,1,535.34,0,Lost
16143,3,12,4555.08,2,Champions
16144,247,1,175.2,0,Lost
16145,9,19,6805.4400000000005,2,Champions
16146,157,4,946.38,3,Loyal
16147,134,5,2398.91,3,Loyal
16148,296,2,386.62,0,Lost
16149,5,3,422.22,1,At Risk
16150,43,10,4002.17,2,Champions
16152,269,1,1829.04,3,Loyal
16153,50,11,5133.49,2,Champions
16155,382,5,796.9,3,Loyal
16156,9,20,6188.18,2,Champions
16157,16,3,656.69,1,At Risk
16158,522,9,628.32,3,Loyal
16159,282,4,1232.79,3,Loyal
16160,65,2,1025.44,1,At Risk
16161,2,43,12580.06,2,Champions
16162,252,1,37.4,0,Lost
16163,232,6,2407.98,3,Loyal
16164,17,3,822.48,1,At Risk
16165,505,1,79.9,0,Lost
16166,428,2,435.83,0,Lost
16167,414,5,1386.1200000000001,3,Loyal
16168,11,66,10360.67,2,Champions
16169,8,4,1822.97,1,At Risk
16170,51,20,6869.0,2,Champions
16171,59,1,73.2,0,Lost
16172,95,8,1884.55,3,Loyal
16173,16,6,1418.32,1,At Risk
16174,126,7,2246.75,3,Loyal
16175,94,7,1836.44,3,Loyal
16176,421,4,2052.69,3,Loyal
16177,50,8,2247.31,3,Loyal
16178,138,2,612.6,0,Lost
16179,61,1,215.83,0,Lost
16180,100,13,16249.87,2,Champions
16181,73,1,305.54,0,Lost
16182,72,9,9971.65,2,Champions
16183,67,4,1077.81,3,Loyal
16184,64,6,1158.79,3,Loyal
16185,17,3,644.72,1,At Risk
16186,23,26,8718.43,2,Champions
16187,32,15,6911.4400000000005,2,Champions
16188,45,5,1087.66,1,At Risk
16189,16,2,215.48,1,At Risk
16190,40,8,2723.55,2,Champions
16191,3,24,15677.82,2,Champions
16192,736,1,351.3,0,Lost
16193,237,2,630.43,0,Lost
16194,375,1,308.59999999999997,0,Lost
16195,723,1,323.25,0,Lost
16196,489,1,93.3,0,Lost
16197,469,9,2016.71,3,Loyal
16198,75,2,1030.0410000000002,1,At Risk
16199,392,7,942.75,3,Loyal
16200,4,12,5608.1,2,Champions
16201,3,5,2112.12,1,At Risk
16202,361,9,2501.9900000000002,3,Loyal
16203,59,6,943.84,3,Loyal
16204,23,3,918.71,1,At Risk
16205,31,7,1820.1100000000001,3,Loyal
16206,55,13,2589.87,2,Champions
16207,25,1,394.38,1,At Risk
16208,45,10,3440.45,2,Champions
16209,89,9,4146.78,3,Loyal
16210,2,35,33750.97,2,Champions
16211,89,3,1090.59,3,Loyal
16212,19,4,1293.71,1,At Risk
16213,79,1,159.0,0,Lost
16214,171,4,2038.25,3,Loyal
16215,81,1,242.35,0,Lost
16216,267,1,914.9300000000001,0,Lost
16217,235,2,304.25,0,Lost
16218,30,13,3968.67,2,Champions
16219,501,1,40.8,0,Lost
16221,37,9,2019.92,2,Champions
16222,318,2,1272.05,3,Loyal
16223,375,2,1087.05,3,Loyal
16224,57,5,1616.54,3,Loyal
16225,45,15,2859.31,2,Champions
16226,203,5,672.1700000000001,3,Loyal
16227,225,3,1027.22,3,Loyal
16228,385,3,885.71,3,Loyal
16229,87,6,2867.86,3,Loyal
16230,190,2,542.03,0,Lost
16231,379,4,1074.47,3,Loyal
16232,44,7,2712.97,3,Loyal
16233,71,9,1818.31,3,Loyal
16234,476,3,333.18,0,Lost
16235,41,9,2053.71,2,Champions
16236,78,1,432.2,0,Lost
16237,437,1,136.65,0,Lost
16238,423,1,63.66,0,Lost
16239,57,6,1492.2,3,Loyal
16240,24,2,3718.8,1,At Risk
16241,10,16,3992.86,2,Champions
16242,8,14,7404.65,2,Champions
16243,34,2,409.1,1,At Risk
16244,212,2,1522.75,3,Loyal
16245,24,3,1413.66,1,At Risk
16246,460,2,821.35,0,Lost
16247,170,1,114.56,0,Lost
16248,62,1,152.94,0,Lost
16249,53,5,1800.07,3,Loyal
16250,261,3,565.24,3,Loyal
16251,512,1,128.31,0,Lost
16252,383,1,295.09000000000003,0,Lost
16253,67,7,7272.2,2,Champions
16254,378,3,967.44,3,Loyal
16255,17,15,4530.0,2,Champions
16256,267,3,1629.37,3,Loyal
16257,177,1,46.95,0,Lost
16258,45,15,11942.52,2,Champions
16259,410,3,340.94,0,Lost
16260,51,1,1035.45,1,At Risk
16261,17,6,1041.16,1,At Risk
16262,378,1,755.15,0,Lost
16263,423,1,348.16,0,Lost
16264,438,2,823.53,0,Lost
16265,9,12,6935.17,2,Champions
16266,74,14,1757.95,2,Champions
16267,591,1,186.66,0,Lost
16268,71,2,667.65,1,At Risk
16269,438,1,717.57,0,Lost
16270,353,1,1141.24,0,Lost
16271,3,10,3397.82,2,Champions
16272,117,1,411.7,0,Lost
16273,648,2,318.34000000000003,0,Lost
16274,373,1,351.75,0,Lost
16275,197,3,2151.11,3,Loyal
16276,177,3,2629.3900000000003,3,Loyal
16277,734,1,188.69,0,Lost
16278,100,3,1117.84,3,Loyal
16279,21,9,5698.28,2,Champions
16280,725,1,238.05,0,Lost
16281,72,3,3424.02,3,Loyal
16282,340,3,1307.58,3,Loyal
16283,6,8,4350.32,2,Champions
16284,31,3,1018.48,1,At Risk
16285,646,1,176.9,0,Lost
16286,477,2,328.95,0,Lost
16287,170,5,1006.98,3,Loyal
16288,470,1,129.85,0,Lost
16289,462,1,136.31,0,Lost
16290,465,4,1957.7,3,Loyal
16291,682,1,117.72,0,Lost
16292,122,5,1253.76,3,Loyal
16293,22,15,4279.2,2,Champions
16294,477,1,126.05000000000001,0,Lost
16295,10,4,1328.55,1,At Risk
16296,626,4,1313.67,3,Loyal
16297,269,1,301.9,0,Lost
16298,23,7,1085.7,1,At Risk
16299,477,1,193.65,0,Lost
16300,430,3,1367.32,3,Loyal
16301,737,1,107.33,0,Lost
16302,127,1,233.22,0,Lost
16303,26,7,7928.27,2,Champions
16304,695,1,381.66,0,Lost
16305,139,1,361.21999999999997,0,Lost
16306,214,7,1124.72,3,Loyal
16307,429,3,1194.92,3,Loyal
16308,38,7,5120.0,2,Champions
16309,106,2,706.57,3,Loyal
16310,414,2,460.08,0,Lost
16311,18,2,616.26,1,At Risk
16312,432,1,171.15,0,Lost
16313,3,2,274.15000000000003,1,At Risk
16314,390,3,1491.4,3,Loyal
16315,331,2,402.71,0,Lost
16316,64,13,5744.91,2,Champions
16317,120,5,2192.51,3,Loyal
16318,35,1,328.15,1,At Risk
16319,218,1,404.40000000000003,0,Lost
16320,172,6,5628.99,3,Loyal
16321,72,7,604.5500000000001,3,Loyal
16322,1,2,326.75,1,At Risk
16323,196,2,353.66,0,Lost
16324,128,3,408.59000000000003,0,Lost
16325,47,12,3597.5,2,Champions
16326,6,24,4721.25,2,Champions
16327,14,16,10159.64,2,Champions
16328,563,1,310.83,0,Lost
16329,428,4,1664.92,3,Loyal
16330,18,7,625.38,1,At Risk
16331,432,6,2037.7,3,Loyal
16332,28,11,2000.01,2,Champions
16333,8,22,26626.8,2,Champions
16334,492,1,263.73,0,Lost
16335,552,7,2753.52,3,Loyal
16336,421,4,3517.69,3,Loyal
16337,37,1,151.05,1,At Risk
16338,157,1,214.79999999999998,0,Lost
16339,284,1,94.05,0,Lost
16340,107,3,1496.24,3,Loyal
16341,25,7,3850.79,2,Champions
16342,75,4,322.41,1,At Risk
16343,16,3,614.12,1,At Risk
16344,158,4,842.42,3,Loyal
16345,44,2,1178.79,1,At Risk
16346,385,1,224.51,0,Lost
16347,11,11,3442.96,2,Champions
16348,32,8,1744.42,2,Champions
16349,291,1,53.5,0,Lost
16350,21,9,2253.89,2,Champions
16351,333,13,3330.0299999999997,3,Loyal
16352,18,2,494.44,1,At Risk
16353,4,38,9795.460000000001,2,Champions
16354,63,5,1119.46,3,Loyal
16355,375,1,416.35,0,Lost
16356,198,6,415.87,3,Loyal
16357,33,4,868.37,1,At Risk
16358,1,5,2919.65,2,Champions
16359,7,16,2697.75,2,Champions
16360,5,6,3450.41,2,Champions
16361,10,4,891.21,1,At Risk
16362,32,6,922.16,1,At Risk
16363,53,1,109.36000000000001,0,Lost
16364,12,2,705.79,1,At Risk
16365,18,15,3167.34,2,Champions
16366,19,4,1548.1299999999999,1,At Risk
16367,37,3,1350.48,1,At Risk
16368,2,3,621.44,1,At Risk
16369,18,7,2656.56,2,Champions
16370,82,4,1301.91,3,Loyal
16371,449,1,157.2,0,Lost
16372,33,5,1290.31,1,At Risk
16373,382,2,309.49,0,Lost
16374,66,5,1723.4,3,Loyal
16375,470,2,104.0,0,Lost
16376,9,2,974.96,1,At Risk
16377,267,2,1308.48,3,Loyal
16378,247,3,362.95,0,Lost
16379,4,4,2157.4,1,At Risk
16380,61,1,1743.1499999999999,1,At Risk
16381,396,2,247.85,0,Lost
16382,408,2,353.1,0,Lost
16383,75,7,2896.69,3,Loyal
16384,90,4,1358.95,3,Loyal
16385,60,5,881.35,3,Loyal
16386,29,3,1068.16,1,At Risk
16387,323,5,882.46,3,Loyal
16388,654,1,186.05,0,Lost
16389,53,4,1382.07,3,Loyal
16390,537,3,467.5,0,Lost
16391,401,4,1052.26,3,Loyal
16392,270,3,756.7,3,Loyal
16393,2,23,5297.77,2,Champions
16394,57,5,1555.34,3,Loyal
16395,61,14,3518.41,2,Champions
16396,476,1,137.8,0,Lost
16397,628,1,123.13,0,Lost
16398,154,2,1705.8,3,Loyal
16399,19,3,630.22,1,At Risk
16400,95,9,3059.85,3,Loyal
16401,1,23,6849.15,2,Champions
16402,265,2,293.45,0,Lost
16403,312,1,177.5,0,Lost
16404,70,1,443.05,0,Lost
16405,302,2,167.25,0,Lost
16406,19,3,528.36,1,At Risk
16407,13,14,2761.65,2,Champions
16408,591,1,231.93,0,Lost
16409,36,12,5652.74,2,Champions
16410,734,1,130.32,0,Lost
16411,19,4,756.39,1,At Risk
16412,54,5,593.19,1,At Risk
16413,57,2,522.03,1,At Risk
16414,22,5,551.21,1,At Risk
16415,44,3,696.76,1,At Risk
16416,27,9,2957.88,2,Champions
16417,493,1,35.7,0,Lost
16418,45,5,1028.74,1,At Risk
16419,113,8,1463.7,3,Loyal
16420,396,1,75.0,0,Lost
16421,376,3,526.27,0,Lost
16422,17,109,61920.87,2,Champions
16423,25,1,346.12,1,At Risk
16424,191,2,443.06,0,Lost
16425,302,1,302.7,0,Lost
16426,2,10,1863.76,2,Champions
16427,263,2,241.06,0,Lost
16428,414,3,638.49,3,Loyal
16429,106,1,284.55,0,Lost
16430,57,7,1117.94,3,Loyal
16431,213,3,623.28,3,Loyal
16432,64,1,287.4,0,Lost
16433,28,2,384.52,1,At Risk
16434,29,12,2673.69,2,Champions
16435,512,3,1003.0699999999999,3,Loyal
16436,668,3,319.14,0,Lost
16437,381,2,301.25,0,Lost
16438,6,5,798.35,1,At Risk
16439,722,1,310.70000000000005,0,Lost
16440,8,6,3856.9700000000003,2,Champions
16441,67,5,1019.13,3,Loyal
16442,2,5,891.98,1,At Risk
16443,521,1,162.24,0,Lost
16444,46,17,3625.88,2,Champions
16445,34,4,583.16,1,At Risk
16446,1,2,168472.5,2,Champions
16447,136,3,727.1,3,Loyal
16448,198,2,361.12,0,Lost
16449,198,2,707.69,0,Lost
16450,150,3,1505.73,3,Loyal
16451,88,3,1013.15,3,Loyal
16452,631,2,332.17,0,Lost
16453,531,2,251.71,0,Lost
16454,45,4,30.950000000000003,0,Lost
16455,64,11,3995.57,2,Champions
16456,99,13,6000.94,2,Champions
16457,218,1,208.36,0,Lost
16458,3,30,5690.89,2,Champions
16459,730,1,71.78999999999999,0,Lost
16460,28,3,811.23,1,At Risk
16461,178,3,1545.83,3,Loyal
16462,74,3,136.0,0,Lost
16463,21,4,1422.4,1,At Risk
16464,20,3,1298.66,1,At Risk
16465,421,2,746.24,0,Lost
16466,34,15,3767.09,2,Champions
16467,509,7,2869.16,3,Loyal
16468,74,3,787.52,1,At Risk
16469,24,5,803.9,1,At Risk
16470,52,11,2416.85,2,Champions
16471,275,4,1189.98,3,Loyal
16472,434,2,789.6,0,Lost
16473,165,4,470.83,3,Loyal
16474,7,7,1810.65,2,Champions
16475,88,4,544.3,3,Loyal
16476,432,1,350.35,0,Lost
16477,64,11,4094.37,2,Champions
16478,25,3,331.0,1,At Risk
16479,10,2,300.83,1,At Risk
16480,76,1,769.29,1,At Risk
16481,682,1,453.38,0,Lost
16482,16,1,220.62,1,At Risk
16483,192,1,139.35,0,Lost
16484,174,2,404.3,0,Lost
16485,77,5,2287.19,3,Loyal
16486,538,1,134.36,0,Lost
16487,577,2,209.4,0,Lost
16488,33,3,498.8,1,At Risk
16489,380,2,303.7,0,Lost
16490,436,1,205.41000000000003,0,Lost
16491,47,2,1533.16,1,At Risk
16492,541,1,385.56,0,Lost
16493,80,7,2132.09,3,Loyal
16494,297,1,826.53,0,Lost
16495,3,3,648.26,1,At Risk
16496,9,6,2330.77,2,Champions
16497,50,23,6695.28,2,Champions
16498,161,2,100.97,0,Lost
16499,360,8,2578.34,3,Loyal
16500,5,9,843.9100000000001,1,At Risk
16501,383,1,1191.23,0,Lost
16502,620,2,258.55,0,Lost
16503,107,11,3614.34,3,Loyal
16504,25,1,465.88,1,At Risk
16505,32,1,777.6,1,At Risk
16506,20,2,90.30000000000001,1,At Risk
16507,572,1,142.71,0,Lost
16508,630,1,240.95,0,Lost
16509,297,1,363.7,0,Lost
16510,372,6,1777.5,3,Loyal
16511,22,6,1760.49,1,At Risk
16513,5,4,874.59,1,At Risk
16515,52,10,3179.06,2,Champions
16516,30,1,101.69999999999999,1,At Risk
16517,277,1,162.7,0,Lost
16518,61,4,959.37,3,Loyal
16519,25,4,439.06,1,At Risk
16520,186,6,2148.38,3,Loyal
16521,415,3,1140.11,3,Loyal
16522,436,2,433.36,0,Lost
16523,2,28,11916.33,2,Champions
16524,446,2,306.19,0,Lost
16525,2,48,24151.3,2,Champions
16526,172,2,717.21,0,Lost
16527,81,2,1232.94,3,Loyal
16528,4,1,244.41,1,At Risk
16529,190,4,1986.8,3,Loyal
16530,668,1,48.349999999999994,0,Lost
16531,22,11,2298.33,2,Champions
16532,18,5,8756.64,2,Champions
16533,19,3,1082.81,1,At Risk
16534,642,1,635.9,0,Lost
16535,5,3,972.04,1,At Risk
16536,110,1,548.12,0,Lost
16537,641,1,23.35,0,Lost
16538,541,3,395.07,0,Lost
16539,3,10,3289.66,2,Champions
16540,414,1,205.75,0,Lost
16541,735,1,424.03,0,Lost
16542,54,2,257.32,1,At Risk
16543,592,1,292.21,0,Lost
16544,520,4,376.70000000000005,0,Lost
16545,165,2,689.82,0,Lost
16546,291,5,5307.07,3,Loyal
16547,546,1,104.25999999999999,0,Lost
16548,599,1,30.15,0,Lost
16549,10,34,12781.8,2,Champions
16550,109,18,8813.58,2,Champions
16551,96,7,2237.12,3,Loyal
16552,243,2,379.73,0,Lost
16553,163,33,16584.01,2,Champions
16554,42,8,2841.72,2,Champions
16555,35,6,1915.68,3,Loyal
16556,67,17,8012.58,2,Champions
16557,24,2,281.85,1,At Risk
16558,1,38,13304.11,2,Champions
16559,397,1,175.0,0,Lost
16560,27,8,3048.38,2,Champions
16561,6,2,511.12,1,At Risk
16562,477,1,223.85999999999999,0,Lost
16563,54,6,4412.56,3,Loyal
16564,569,1,87.8,0,Lost
16565,364,4,773.05,3,Loyal
16566,15,5,614.66,1,At Risk
16567,194,2,865.6,3,Loyal
16568,428,2,1020.9000000000001,3,Loyal
16569,3,5,1455.23,1,At Risk
16570,15,20,7434.31,2,Champions
16571,27,10,4248.74,2,Champions
16572,127,3,1009.6,3,Loyal
16573,85,2,663.61,1,At Risk
16574,71,3,1301.78,3,Loyal
16576,420,2,540.87,0,Lost
16577,667,1,380.0,0,Lost
16578,626,1,156.6,0,Lost
16579,426,1,295.05,0,Lost
16581,183,1,105.84,0,Lost
16582,113,1,313.62,0,Lost
16583,374,2,297.95,0,Lost
16584,80,5,3156.17,3,Loyal
16585,594,2,341.59,0,Lost
16586,249,3,1462.78,3,Loyal
16587,232,1,225.15,0,Lost
16588,386,4,1361.28,3,Loyal
16589,71,4,612.36,1,At Risk
16590,401,2,605.9,0,Lost
16591,69,1,213.5,0,Lost
16592,4,28,7807.91,2,Champions
16593,51,8,1071.1399999999999,3,Loyal
16594,75,1,181.09,0,Lost
16595,61,5,1757.75,3,Loyal
16596,16,4,458.98,1,At Risk
16597,4,1,90.04,1,At Risk
16598,286,1,145.04999999999998,0,Lost
16599,386,1,172.8,0,Lost
16600,4,13,2153.41,2,Champions
16601,41,3,677.0,1,At Risk
16602,36,2,763.33,1,At Risk
16603,75,2,482.47,1,At Risk
16604,563,2,432.45,0,Lost
16605,724,1,60.48,0,Lost
16606,404,2,357.66,0,Lost
16607,18,25,5706.87,2,Champions
16608,454,2,1286.6200000000001,3,Loyal
16609,15,7,5493.46,2,Champions
16610,219,1,75.66,0,Lost
16611,186,6,1785.13,3,Loyal
16612,33,9,3245.43,2,Champions
16613,70,1,618.59,1,At Risk
16614,183,3,1179.79,3,Loyal
16615,626,1,291.5,0,Lost
16616,15,2,500.42,1,At Risk
16617,236,1,151.85,0,Lost
16618,31,5,2647.59,1,At Risk
16619,264,4,1938.33,3,Loyal
16620,4,6,1758.93,1,At Risk
16621,52,4,813.48,1,At Risk
16622,544,1,225.4,0,Lost
16623,246,4,1015.24,3,Loyal
16624,81,2,810.5699999999999,1,At Risk
16625,275,5,1654.03,3,Loyal
16626,1,17,4413.1,2,Champions
16627,79,1,322.8,0,Lost
16628,30,7,2318.1,2,Champions
16629,74,2,408.63,1,At Risk
16630,407,1,106.80000000000001,0,Lost
16631,482,7,1892.52,3,Loyal
16632,486,2,406.4,0,Lost
16633,17,6,2883.1,2,Champions
16634,223,6,1649.81,3,Loyal
16635,407,1,473.0,0,Lost
16636,438,4,3802.04,3,Loyal
16637,32,4,1154.47,1,At Risk
16638,23,15,2380.13,2,Champions
16639,31,4,1747.98,1,At Risk
16640,398,1,179.4,0,Lost
16641,106,2,554.5,0,Lost
16642,5,3,1077.45,1,At Risk
16643,246,2,923.11,3,Loyal
16644,178,2,833.78,3,Loyal
16645,736,1,160.39,0,Lost
16646,449,1,678.8,0,Lost
16647,170,4,541.9,3,Loyal
16648,43,3,672.8,1,At Risk
16649,520,1,306.58000000000004,0,Lost
16650,72,7,1916.11,3,Loyal
16651,587,1,136.2,0,Lost
16652,59,16,17550.39,2,Champions
16653,16,2,1212.66,1,At Risk
16654,141,8,1484.07,3,Loyal
16655,18,13,6423.26,2,Champions
16656,22,30,16833.170000000002,2,Champions
16657,10,4,874.43,1,At Risk
16658,368,6,690.83,3,Loyal
16659,189,1,39.12,0,Lost
16660,16,7,1879.55,2,Champions
16661,540,4,932.76,3,Loyal
16662,394,1,151.05,0,Lost
16663,729,1,165.0,0,Lost
16664,569,1,109.2,0,Lost
16665,362,1,135.39999999999998,0,Lost
16666,19,2,217.71,1,At Risk
16667,68,2,567.1800000000001,1,At Risk
16668,15,13,862.42,2,Champions
16669,24,3,1348.88,1,At Risk
16670,17,20,8030.150000000001,2,Champions
16671,28,3,1692.27,1,At Risk
16672,2,20,8134.9400000000005,2,Champions
16673,679,1,171.13,0,Lost
16674,55,2,304.24,1,At Risk
16675,442,2,608.86,0,Lost
16676,34,6,2361.9,3,Loyal
16677,411,2,880.62,0,Lost
16678,3,12,3109.99,2,Champions
16679,366,3,663.31,3,Loyal
16680,43,3,821.45,1,At Risk
16681,73,7,1921.84,3,Loyal
16682,5,5,1028.0,1,At Risk
16683,534,1,320.25,0,Lost
16684,4,55,147142.77,2,Champions
16685,61,2,324.24,1,At Risk
16686,47,16,4881.07,2,Champions
16687,391,1,157.63,0,Lost
16688,1,4,1260.86,1,At Risk
16689,76,2,422.59999999999997,1,At Risk
16690,72,4,353.03,1,At Risk
16691,418,2,178.83,0,Lost
16692,256,4,1914.6999999999998,3,Loyal
16693,69,5,1179.48,3,Loyal
16694,723,1,98.30000000000001,0,Lost
16695,562,2,191.9,0,Lost
16696,135,4,657.9000000000001,3,Loyal
16697,241,1,112.75,0,Lost
16698,227,2,1998.0,3,Loyal
16699,380,7,994.6,3,Loyal
16700,9,25,8830.77,2,Champions
16701,9,26,9916.73,2,Champions
16702,415,4,1110.83,3,Loyal
16704,618,2,664.16,0,Lost
16705,1,42,43515.051,2,Champions
16706,37,3,531.35,1,At Risk
16707,400,4,533.41,3,Loyal
16708,46,1,656.63,1,At Risk
16709,85,14,9056.01,2,Champions
16710,19,22,5921.35,2,Champions
16711,3,9,2868.48,2,Champions
16712,9,13,4232.87,2,Champions
16713,19,32,14115.56,2,Champions
16714,219,4,1497.33,3,Loyal
16715,78,2,625.52,1,At Risk
16716,267,3,2149.6800000000003,3,Loyal
16717,24,14,6663.68,2,Champions
16718,369,5,3006.08,3,Loyal
16719,15,14,3513.62,2,Champions
16720,26,3,758.74,1,At Risk
16721,262,1,292.47,0,Lost
16722,17,22,8189.56,2,Champions
16723,91,4,1231.36,3,Loyal
16724,405,1,147.35,0,Lost
16725,302,14,1688.26,3,Loyal
16726,26,7,2063.88,2,Champions
16727,364,4,1377.77,3,Loyal
16728,46,4,1048.28,1,At Risk
16729,38,21,7205.33,2,Champions
16730,52,3,743.11,1,At Risk
16731,648,1,170.3,0,Lost
16732,32,4,4387.64,3,Loyal
16733,530,1,259.68,0,Lost
16734,52,3,646.76,1,At Risk
16735,79,14,6217.41,2,Champions
16736,506,5,2956.56,3,Loyal
16737,53,2,835.1999999999999,1,At Risk
16738,298,1,3.75,0,Lost
16739,177,2,786.43,3,Loyal
16740,395,1,226.91,0,Lost
16741,625,1,173.06,0,Lost
16742,47,14,2799.87,2,Champions
16743,29,14,4212.15,2,Champions
16744,11,7,1291.91,1,At Risk
16745,87,17,7180.7,2,Champions
16746,5,42,18046.75,2,Champions
16747,38,2,836.06,1,At Risk
16748,18,14,3637.33,2,Champions
16749,591,2,4157.88,3,Loyal
16750,45,5,623.93,1,At Risk
16751,31,1,1764.72,1,At Risk
16752,373,1,207.5,0,Lost
16753,58,1,223.92000000000002,0,Lost
16754,372,29,65500.07,2,Champions
16755,114,7,2864.68,3,Loyal
16756,215,7,1312.3700000000001,3,Loyal
16757,319,2,270.48,0,Lost
16758,65,1,369.34000000000003,0,Lost
16759,8,3,789.79,1,At Risk
16760,430,1,228.0,0,Lost
16761,97,1,316.62,0,Lost
16762,20,3,1207.24,1,At Risk
16763,199,2,964.6999999999999,3,Loyal
16764,4,13,2790.9500000000003,2,Champions
16765,294,2,454.75,0,Lost
16766,273,2,1145.6,3,Loyal
16767,31,15,8056.76,2,Champions
16768,48,9,1698.57,3,Loyal
16769,260,4,1117.05,3,Loyal
16770,58,9,1778.93,3,Loyal
16771,33,10,3949.6,2,Champions
16772,423,3,3698.0499999999997,3,Loyal
16773,57,3,421.24,1,At Risk
16774,68,8,1567.48,3,Loyal
16775,10,16,2820.84,2,Champions
16776,60,2,592.51,1,At Risk
16777,80,5,1292.18,3,Loyal
16778,74,2,245.94,0,Lost
16779,2,53,32809.03,2,Champions
16780,100,3,596.4,3,Loyal
16781,372,2,623.0,0,Lost
16782,10,38,9636.12,2,Champions
16783,437,1,391.95,0,Lost
16784,20,5,892.33,1,At Risk
16785,410,1,533.78,0,Lost
16786,394,1,51.839999999999996,0,Lost
16787,398,4,1017.53,3,Loyal
16788,123,5,1928.93,3,Loyal
16789,8,1,80.8,1,At Risk
16790,4,6,1545.6200000000001,1,At Risk
16791,29,15,3957.63,2,Champions
16792,282,5,623.46,3,Loyal
16793,57,1,243.84,0,Lost
16794,1,15,2052.7,2,Champions
16795,365,3,2062.41,3,Loyal
16796,89,1,305.62,0,Lost
16797,393,5,1802.02,3,Loyal
16798,554,3,841.16,3,Loyal
16799,432,2,452.78000000000003,0,Lost
16800,11,1,1162.65,1,At Risk
16801,163,4,1594.23,3,Loyal
16802,679,2,582.61,0,Lost
16803,65,1,332.3,0,Lost
16804,23,3,536.99,1,At Risk
16805,174,5,1091.34,3,Loyal
16806,103,4,762.16,3,Loyal
16807,143,6,2123.88,3,Loyal
16808,99,2,288.42,0,Lost
16809,23,9,1727.43,2,Champions
16810,192,2,842.0400000000001,3,Loyal
16811,5,2,547.07,1,At Risk
16812,361,4,2392.0,3,Loyal
16813,8,10,1652.18,2,Champions
16814,14,36,11924.85,2,Champions
16815,454,2,406.02,0,Lost
16816,103,4,417.06,3,Loyal
16817,3,13,2560.7,2,Champions
16818,11,11,3349.57,2,Champions
16819,465,2,182.59,0,Lost
16820,96,1,497.61,0,Lost
16821,382,1,113.35,0,Lost
16822,686,1,181.39,0,Lost
16823,227,7,2243.09,3,Loyal
16824,16,3,686.24,1,At Risk
16825,39,5,1826.89,3,Loyal
16826,51,1,341.7,1,At Risk
16827,393,5,392.13,3,Loyal
16828,93,2,128.5,0,Lost
16829,157,2,513.32,0,Lost
16830,39,4,1207.5,1,At Risk
16831,565,1,91.8,0,Lost
16832,184,5,417.61,3,Loyal
16833,1,6,2409.04,2,Champions
16834,228,2,898.96,3,Loyal
16835,128,6,1456.66,3,Loyal
16836,40,4,782.37,1,At Risk
16837,31,11,3170.98,2,Champions
16838,197,4,1159.61,3,Loyal
16839,9,44,21758.25,2,Champions
16840,603,2,139.85,0,Lost
16841,37,12,4006.06,2,Champions
16842,101,3,1264.19,3,Loyal
16843,43,35,19571.43,2,Champions
16844,563,2,614.34,0,Lost
16845,618,1,253.88,0,Lost
16846,50,3,842.41,1,At Risk
16847,43,2,614.89,1,At Risk
16848,53,4,1411.62,3,Loyal
16849,187,1,124.57,0,Lost
16850,334,1,332.41,0,Lost
16851,4,3,342.45,1,At Risk
16852,10,2,144.91000000000003,1,At Risk
16854,417,2,1408.96,3,Loyal
16855,24,2,328.4,1,At Risk
16856,15,3,358.49,1,At Risk
16857,443,1,352.8,0,Lost
16858,369,10,4292.59,3,Loyal
16859,145,7,1932.41,3,Loyal
16860,453,3,1610.62,3,Loyal
16861,60,5,946.59,3,Loyal
16862,547,4,662.33,3,Loyal
16863,31,3,834.27,1,At Risk
16864,434,2,409.25,0,Lost
16865,402,1,130.95,0,Lost
16866,141,3,207.73999999999998,0,Lost
16867,690,1,76.74000000000001,0,Lost
16868,394,3,384.56,0,Lost
16869,23,4,817.12,1,At Risk
16870,469,1,450.15999999999997,0,Lost
16871,22,6,2812.34,2,Champions
16872,77,6,1213.13,3,Loyal
16873,5,12,14617.39,2,Champions
16874,379,1,209.89000000000001,0,Lost
16875,67,11,4234.53,2,Champions
16876,404,1,136.01,0,Lost
16877,12,6,846.62,1,At Risk
16878,84,1,13.3,0,Lost
16880,31,8,1813.21,2,Champions
16881,67,1,432.0,0,Lost
16882,67,3,705.12,1,At Risk
16883,187,19,2246.06,3,Loyal
16884,38,4,1070.97,1,At Risk
16885,15,4,684.6,1,At Risk
16886,456,1,134.0,0,Lost
16887,35,3,658.17,1,At Risk
16888,401,3,434.2,0,Lost
16889,195,6,2526.65,3,Loyal
16890,477,3,285.41,0,Lost
16891,2,11,1727.94,2,Champions
16892,1,7,754.75,1,At Risk
16893,367,2,249.89000000000001,0,Lost
16894,502,3,1306.96,3,Loyal
16895,65,5,1102.9,3,Loyal
16896,555,1,103.95,0,Lost
16897,299,2,289.78,0,Lost
16898,26,5,885.21,1,At Risk
16899,8,8,1695.77,2,Champions
16900,17,3,887.11,1,At Risk
16901,729,1,204.26,0,Lost
16902,116,1,1706.88,3,Loyal
16903,29,3,1041.75,1,At Risk
16904,4,21,4675.36,2,Champions
16905,5,17,4706.77,2,Champions
16906,82,7,1410.92,3,Loyal
16907,29,9,1470.89,2,Champions
16908,722,1,252.59,0,Lost
16909,72,1,379.14,0,Lost
16910,4,8,1508.96,2,Champions
16911,636,2,255.25,0,Lost
16912,29,15,4460.51,2,Champions
16913,290,3,423.90999999999997,0,Lost
16914,36,1,183.76,1,At Risk
16915,9,11,1543.18,2,Champions
16916,24,4,902.02,1,At Risk
16917,277,2,1851.88,3,Loyal
16918,50,16,3206.54,2,Champions
16919,156,24,4909.66,2,Champions
16920,411,1,355.45,0,Lost
16921,61,3,409.21,1,At Risk
16922,573,1,611.08,0,Lost
16923,12,32,13157.130000000001,2,Champions
16924,21,3,829.89,1,At Risk
16925,540,1,125.65,0,Lost
16926,371,5,1169.6100000000001,3,Loyal
16927,116,3,543.05,3,Loyal
16928,80,29,3897.5299999999997,2,Champions
16929,4,7,1295.39,1,At Risk
16930,26,3,378.89,1,At Risk
16931,5,23,5032.22,2,Champions
16932,53,3,412.55,1,At Risk
16933,1,9,3099.3,2,Champions
16934,55,6,2083.14,3,Loyal
16935,382,3,530.86,0,Lost
16936,26,2,548.29,1,At Risk
16937,499,1,196.25,0,Lost
16938,9,9,6995.360000000001,2,Champions
16939,489,3,433.85,0,Lost
16940,52,8,6427.66,2,Champions
16941,612,1,33.0,0,Lost
16942,13,9,1904.99,2,Champions
16943,212,5,1299.49,3,Loyal
16944,610,1,101.36,0,Lost
16945,22,33,8548.16,2,Champions
16946,383,5,1222.04,3,Loyal
16947,236,5,955.21,3,Loyal
16948,139,7,868.77,3,Loyal
16949,4,6,1286.27,1,At Risk
16950,57,10,3541.77,2,Champions
16951,135,3,1277.75,3,Loyal
16952,109,5,795.83,3,Loyal
16953,30,1,20.8,0,Lost
16954,1,20,6081.88,2,Champions
16955,185,6,1120.31,3,Loyal
16956,18,1,308.74,1,At Risk
16957,239,2,416.64,0,Lost
16958,435,1,778.49,0,Lost
16959,87,1,117.35000000000001,0,Lost
16960,39,8,1990.88,3,Loyal
16961,116,3,794.56,3,Loyal
16962,410,1,251.04,0,Lost
16963,187,1,110.55000000000001,0,Lost
16964,733,2,207.85,0,Lost
16965,227,1,201.19,0,Lost
16966,8,7,2154.97,2,Champions
16967,189,1,319.02,0,Lost
16968,4,2,439.43,1,At Risk
16969,39,3,650.41,1,At Risk
16970,626,1,71.4,0,Lost
16971,38,1,357.21,1,At Risk
16972,383,2,749.0,0,Lost
16973,386,1,127.0,0,Lost
16974,523,2,365.5,0,Lost
16975,423,3,926.12,3,Loyal
16976,267,1,251.51999999999998,0,Lost
16977,395,4,496.0,3,Loyal
16978,78,3,768.88,3,Loyal
16979,4,9,2859.74,2,Champions
16980,255,3,1422.8300000000002,3,Loyal
16982,61,1,384.06,1,At Risk
16983,13,11,3490.5299999999997,2,Champions
16984,88,9,10350.53,2,Champions
16985,17,23,10923.16,2,Champions
16986,30,11,4888.75,2,Champions
16987,3,11,2521.4,2,Champions
16988,5,2,382.67,1,At Risk
16989,7,6,1133.25,1,At Risk
16990,219,2,344.0,0,Lost
16991,421,1,1041.21,0,Lost
16992,11,13,5476.5,2,Champions
16993,464,2,1950.9499999999998,3,Loyal
16996,30,9,2123.61,2,Champions
16997,288,3,702.0,3,Loyal
16998,150,5,402.0,3,Loyal
16999,23,2,484.82,1,At Risk
17000,396,2,406.3,0,Lost
17001,1,19,6640.8,2,Champions
17002,86,7,2571.55,3,Loyal
17003,402,4,828.21,3,Loyal
17004,46,4,2324.36,3,Loyal
17005,471,2,622.36,0,Lost
17006,5,8,1635.27,2,Champions
17007,51,7,1120.1,3,Loyal
17008,429,1,81.36,0,Lost
17009,551,1,242.06,0,Lost
17010,18,1,195.36,1,At Risk
17011,30,3,671.7,1,At Risk
17012,725,1,360.61,0,Lost
17014,8,3,583.4300000000001,1,At Risk
17015,29,3,1838.6100000000001,1,At Risk
17016,577,1,552.4,0,Lost
17017,3,29,12576.99,2,Champions
17018,41,6,2287.7,3,Loyal
17019,11,11,3602.29,2,Champions
17020,542,2,935.62,0,Lost
17021,442,6,1182.22,3,Loyal
17022,31,2,260.0,1,At Risk
17023,417,3,800.18,3,Loyal
17024,45,3,95.85,1,At Risk
17025,61,5,1349.67,3,Loyal
17026,185,3,175.82999999999998,0,Lost
17027,79,9,1310.63,3,Loyal
17028,581,3,1593.83,3,Loyal
17029,111,7,2137.3,3,Loyal
17030,64,1,146.87,0,Lost
17031,12,6,2773.85,2,Champions
17032,548,8,2984.32,3,Loyal
17033,86,4,1332.79,3,Loyal
17034,16,5,1276.42,1,At Risk
17035,246,4,613.59,3,Loyal
17036,383,1,176.9,0,Lost
17037,88,1,1267.32,1,At Risk
17038,30,2,743.17,1,At Risk
17039,604,1,1954.99,3,Loyal
17040,138,2,463.25,0,Lost
17041,27,6,1655.2,1,At Risk
17042,3,5,1036.58,1,At Risk
17043,32,8,2593.65,2,Champions
17044,25,12,11962.3,2,Champions
17045,113,5,827.6800000000001,3,Loyal
17046,157,5,1906.07,3,Loyal
17047,85,6,2289.23,3,Loyal
17048,118,7,2071.68,3,Loyal
17049,3,19,9942.53,2,Champions
17050,96,11,4648.59,2,Champions
17051,194,4,706.49,3,Loyal
17052,28,1,399.09,1,At Risk
17053,131,1,498.48,0,Lost
17054,28,5,1356.33,1,At Risk
17055,446,1,232.85,0,Lost
17056,738,1,128.60000000000002,0,Lost
17057,596,1,294.74,0,Lost
17058,82,3,1179.89,3,Loyal
17059,30,9,4864.57,2,Champions
17060,266,1,234.24,0,Lost
17061,74,11,5232.2300000000005,2,Champions
17062,314,6,889.75,3,Loyal
17063,21,13,3638.53,2,Champions
17064,59,3,855.45,1,At Risk
17065,638,2,194.7,0,Lost
17066,726,1,228.34,0,Lost
17067,725,3,454.54,0,Lost
17068,12,47,8987.68,2,Champions
17069,28,14,5517.2300000000005,2,Champions
17070,114,2,437.42,0,Lost
17071,28,13,3793.71,2,Champions
17072,625,1,273.35,0,Lost
17073,18,4,1446.09,1,At Risk
17074,563,1,203.05,0,Lost
17075,18,10,2236.63,2,Champions
17076,36,6,1242.75,1,At Risk
17077,578,1,306.0,0,Lost
17078,36,2,378.2,1,At Risk
17079,78,1,118.80000000000001,0,Lost
17080,22,7,957.53,1,At Risk
17081,25,6,949.39,1,At Risk
17082,33,6,4732.03,2,Champions
17083,109,9,4049.79,3,Loyal
17084,35,3,5001.21,3,Loyal
17085,123,28,7847.67,2,Champions
17086,7,6,2050.08,1,At Risk
17087,738,1,221.53,0,Lost
17088,28,4,1991.01,1,At Risk
17089,386,1,128.45,0,Lost
17090,4,13,3080.1800000000003,2,Champions
17091,3,19,7495.75,2,Champions
17092,50,11,5511.41,2,Champions
17093,593,1,235.88,0,Lost
17094,322,2,402.20000000000005,0,Lost
17095,23,7,2572.25,2,Champions
17096,15,11,3697.93,2,Champions
17097,2,9,1143.36,2,Champions
17098,382,3,591.0699999999999,0,Lost
17099,533,1,582.17,0,Lost
17100,18,2,971.74,1,At Risk
17101,10,7,2507.05,2,Champions
17102,262,1,25.5,0,Lost
17103,722,1,424.3,0,Lost
17104,424,1,474.03,0,Lost
17105,159,2,665.78,0,Lost
17106,389,1,481.58,0,Lost
17107,33,10,16052.72,2,Champions
17108,664,1,174.95,0,Lost
17109,29,8,1291.71,1,At Risk
17110,165,3,499.9,3,Loyal
17111,47,2,459.58,1,At Risk
17112,503,1,197.57,0,Lost
17113,574,6,2305.59,3,Loyal
17114,6,8,801.12,1,At Risk
17115,8,7,2761.4900000000002,2,Champions
17116,648,1,389.78,0,Lost
17117,288,1,116.19999999999999,0,Lost
17118,318,1,157.02,0,Lost
17119,3,2,606.91,1,At Risk
17120,233,1,307.46,0,Lost
17121,403,1,314.74,0,Lost
17122,119,4,570.5,3,Loyal
17123,162,3,977.17,3,Loyal
17124,185,1,294.24,0,Lost
17125,50,1,230.5,0,Lost
17126,152,9,2016.43,3,Loyal
17127,429,5,1155.0300000000002,3,Loyal
17128,335,1,157.09,0,Lost
17129,520,1,31.85,0,Lost
17131,5,5,2463.17,1,At Risk
17132,452,2,1220.9099999999999,3,Loyal
17133,16,12,14622.33,2,Champions
17134,107,3,625.3,3,Loyal
17135,16,10,1722.18,2,Champions
17136,662,1,231.68,0,Lost
17137,416,6,1099.81,3,Loyal
17138,276,7,4417.27,3,Loyal
17139,16,25,19566.76,2,Champions
17140,247,1,454.12,0,Lost
17141,418,4,727.58,3,Loyal
17142,239,4,1275.25,3,Loyal
17143,417,2,880.97,0,Lost
17144,1,2,984.57,1,At Risk
17145,513,4,3120.91,3,Loyal
17146,106,13,5852.64,2,Champions
17147,23,9,3199.95,2,Champions
17148,52,1,124.88,0,Lost
17149,451,1,143.10000000000002,0,Lost
17150,377,6,1357.95,3,Loyal
17151,735,1,231.90000000000003,0,Lost
17152,195,4,2016.5,3,Loyal
17153,24,1,213.78,1,At Risk
17154,75,1,329.34,0,Lost
17155,18,7,892.46,1,At Risk
17156,492,1,591.87,0,Lost
17157,8,19,5151.9,2,Champions
17158,32,5,1980.0,1,At Risk
17159,22,5,2099.59,1,At Risk
17160,31,17,10209.16,2,Champions
17161,444,1,856.01,0,Lost
17162,29,10,1715.46,2,Champions
17163,22,4,699.78,1,At Risk
17164,33,7,2467.35,2,Champions
17165,284,6,1794.32,3,Loyal
17166,39,2,206.34,1,At Risk
17167,380,3,867.11,3,Loyal
17168,499,1,400.2,0,Lost
17169,58,3,1156.73,1,At Risk
17170,374,2,178.68,0,Lost
17171,289,2,384.59,0,Lost
17172,79,3,956.5699999999999,3,Loyal
17173,5,8,3766.6,2,Champions
17174,218,1,59.9,0,Lost
17175,44,4,1443.69,1,At Risk
17176,202,3,902.3199999999999,3,Loyal
17177,505,1,119.5,0,Lost
17178,731,1,432.96,0,Lost
17179,178,6,1507.26,3,Loyal
17180,56,11,2236.77,2,Champions
17181,57,3,309.85,1,At Risk
17182,423,2,321.3,0,Lost
17183,8,6,3347.31,2,Champions
17184,569,2,198.41000000000003,0,Lost
17185,592,3,229.46,0,Lost
17186,47,2,144.0,1,At Risk
17187,227,2,467.71,0,Lost
17188,11,13,4592.93,2,Champions
17189,106,5,953.63,3,Loyal
17190,59,7,1726.57,3,Loyal
17191,28,15,4310.34,2,Champions
17192,536,1,75.28,0,Lost
17193,36,9,2310.04,2,Champions
17194,274,3,812.5,3,Loyal
17195,655,1,562.98,0,Lost
17196,428,1,327.75,0,Lost
17197,30,1,1013.01,1,At Risk
17198,24,3,692.22,1,At Risk
17199,582,1,135.04000000000002,0,Lost
17200,387,4,356.71,0,Lost
17201,54,4,1143.1,3,Loyal
17202,421,1,160.65,0,Lost
17203,36,10,5564.09,2,Champions
17204,175,9,5504.6900000000005,3,Loyal
17205,54,3,999.35,1,At Risk
17206,53,1,204.24,0,Lost
17207,652,1,292.62,0,Lost
17208,396,1,111.15,0,Lost
17209,649,3,595.7,0,Lost
17210,393,1,251.72,0,Lost
17211,27,13,3773.35,2,Champions
17212,253,3,794.41,3,Loyal
17213,40,13,4869.400000000001,2,Champions
17214,60,6,1059.1200000000001,3,Loyal
17215,464,1,186.15,0,Lost
17216,554,1,63.6,0,Lost
17217,234,2,210.1,0,Lost
17218,4,18,3891.39,2,Champions
17219,32,2,259.13,1,At Risk
17220,24,21,4457.31,2,Champions
17221,7,5,976.62,1,At Risk
17222,65,6,1579.51,3,Loyal
17223,310,3,558.04,0,Lost
17224,501,1,100.86,0,Lost
17225,582,1,131.15,0,Lost
17226,309,3,895.47,3,Loyal
17227,19,12,1878.93,2,Champions
17228,16,13,2820.03,2,Champions
17229,96,2,318.76,0,Lost
17230,264,18,9388.49,2,Champions
17231,12,25,7064.8,2,Champions
17232,3,2,417.77,1,At Risk
17233,35,3,560.86,1,At Risk
17234,183,1,149.89000000000001,0,Lost
17235,25,8,1562.98,2,Champions
17236,13,12,1929.26,2,Champions
17237,11,4,994.13,1,At Risk
17238,3,32,7331.67,2,Champions
17239,313,4,1189.45,3,Loyal
17240,596,1,130.6,0,Lost
17241,385,12,2736.64,3,Loyal
17242,108,5,2889.28,3,Loyal
17243,1,69,20203.58,2,Champions
17244,53,5,1826.04,3,Loyal
17245,205,2,371.63,0,Lost
17246,547,2,38.92,0,Lost
17247,15,1,280.09000000000003,1,At Risk
17248,120,2,500.54,0,Lost
17249,429,1,68.03,0,Lost
17250,4,2,381.97,1,At Risk
17251,363,3,798.98,3,Loyal
17252,117,2,348.91,0,Lost
17253,18,1,178.26,1,At Risk
17254,5,3,469.48,1,At Risk
17255,41,4,781.7,1,At Risk
17256,107,5,498.93,3,Loyal
17257,436,2,189.78,0,Lost
17258,397,2,417.3,0,Lost
17259,148,6,1452.39,3,Loyal
17260,411,1,120.95,0,Lost
17261,510,1,221.59,0,Lost
17262,52,11,2488.76,2,Champions
17263,208,1,63.440000000000005,0,Lost
17264,424,1,268.28,0,Lost
17265,139,2,550.01,0,Lost
17266,2,5,501.71999999999997,1,At Risk
17267,127,2,317.2,0,Lost
17268,108,11,1733.8899999999999,3,Loyal
17269,386,1,491.81,0,Lost
17270,469,2,601.4499999999999,0,Lost
17271,736,1,204.3,0,Lost
17272,42,4,2148.63,3,Loyal
17273,424,1,141.12,0,Lost
17274,35,2,573.22,1,At Risk
17275,383,1,114.1,0,Lost
17276,402,1,502.49,0,Lost
17277,228,2,1065.3500000000001,3,Loyal
17278,241,2,271.24,0,Lost
17279,58,1,187.82999999999998,0,Lost
17280,438,1,118.85999999999999,0,Lost
17281,374,6,797.8499999999999,3,Loyal
17282,130,5,2308.54,3,Loyal
17283,379,1,188.46,0,Lost
17284,60,8,2788.06,3,Loyal
17285,628,2,407.94,0,Lost
17286,22,3,389.18,1,At Risk
17287,26,21,3826.86,2,Champions
17288,9,11,2468.43,2,Champions
17289,32,9,2041.8,2,Champions
17290,4,8,1487.96,2,Champions
17291,308,1,550.8000000000001,0,Lost
17292,472,2,271.75,0,Lost
17293,8,17,3750.63,2,Champions
17294,669,2,467.78999999999996,0,Lost
17295,29,3,547.0,1,At Risk
17296,730,1,338.13,0,Lost
17297,17,1,128.18,1,At Risk
17298,101,5,954.26,3,Loyal
17299,12,6,993.23,1,At Risk
17300,391,2,393.64,0,Lost
17301,21,2,294.39,1,At Risk
17302,15,5,1135.63,1,At Risk
17303,361,1,250.04,0,Lost
17304,534,1,111.5,0,Lost
17305,649,1,2135.46,3,Loyal
17306,11,21,9782.35,2,Champions
17307,395,11,3999.8900000000003,3,Loyal
17308,393,2,4511.76,3,Loyal
17309,95,3,320.39,0,Lost
17310,387,2,1025.1,3,Loyal
17311,78,6,3566.56,3,Loyal
17312,139,3,644.3,3,Loyal
17313,31,1,2328.84,1,At Risk
17314,25,17,4904.43,2,Champions
17315,2,43,9599.58,2,Champions
17316,420,1,124.45,0,Lost
17317,46,3,2600.34,3,Loyal
17318,725,1,157.32999999999998,0,Lost
17319,669,1,29.1,0,Lost
17320,100,6,2444.85,3,Loyal
17321,8,6,1665.21,1,At Risk
17322,376,5,922.59,3,Loyal
17323,15,12,1551.04,2,Champions
17324,18,12,2171.07,2,Champions
17325,280,3,609.5699999999999,3,Loyal
17326,408,2,312.35,0,Lost
17327,410,2,152.35,0,Lost
17328,673,1,104.7,0,Lost
17329,14,5,998.53,1,At Risk
17330,23,4,423.8,1,At Risk
17331,124,1,175.2,0,Lost
17332,528,5,838.27,3,Loyal
17333,86,1,494.25,0,Lost
17334,302,3,635.15,3,Loyal
17335,384,2,497.04,0,Lost
17336,472,1,81.12,0,Lost
17337,151,4,1981.06,3,Loyal
17338,17,17,11889.33,2,Champions
17339,94,3,302.36,0,Lost
17340,30,18,19617.95,2,Champions
17341,157,5,1272.21,3,Loyal
17342,380,4,1227.54,3,Loyal
17343,355,6,1259.94,3,Loyal
17344,46,2,457.36,1,At Risk
17345,15,10,1586.6299999999999,2,Champions
17346,4,26,4998.61,2,Champions
17347,86,1,228.96,0,Lost
17348,15,9,2442.29,2,Champions
17349,179,5,772.41,3,Loyal
17350,8,7,1893.701,2,Champions
17351,36,12,1988.23,2,Champions
17352,696,1,36.25,0,Lost
17353,129,4,3242.0,3,Loyal
17354,51,4,3133.96,3,Loyal
17355,386,1,273.31,0,Lost
17356,312,5,946.47,3,Loyal
17357,24,2,384.39,1,At Risk
17358,303,5,861.01,3,Loyal
17359,11,2,284.46,1,At Risk
17360,17,6,1200.51,1,At Risk
17361,49,5,871.79,1,At Risk
17362,239,7,1024.04,3,Loyal
17363,395,3,920.46,3,Loyal
17364,1,28,11972.92,2,Champions
17365,13,15,8184.49,2,Champions
17366,432,2,1077.24,3,Loyal
17367,238,1,167.55,0,Lost
17368,23,14,2758.29,2,Champions
17369,456,1,979.1999999999999,0,Lost
17370,73,4,446.18,1,At Risk
17371,17,6,655.37,1,At Risk
17372,41,28,4347.31,2,Champions
17373,40,7,1167.5,3,Loyal
17374,219,3,727.11,3,Loyal
17375,199,4,660.55,3,Loyal
17376,71,4,453.64,1,At Risk
17377,24,78,17644.27,2,Champions
17378,374,1,10.95,0,Lost
17379,11,1,389.71999999999997,1,At Risk
17380,434,3,645.0,3,Loyal
17381,9,38,36398.65,2,Champions
17382,65,8,902.28,3,Loyal
17383,4,2,304.09,1,At Risk
17384,19,3,507.55,1,At Risk
17385,15,1,256.11,1,At Risk
17386,8,7,2812.77,2,Champions
17387,20,2,746.81,1,At Risk
17388,78,11,2675.37,3,Loyal
17389,1,61,57215.33,2,Champions
17390,421,1,149.3,0,Lost
17391,164,2,508.8,0,Lost
17392,307,3,585.92,3,Loyal
17393,411,2,381.15,0,Lost
17394,219,1,203.86999999999998,0,Lost
17395,508,1,97.5,0,Lost
17396,39,14,8409.6,2,Champions
17397,22,3,1198.28,1,At Risk
17398,115,3,653.38,3,Loyal
17400,126,8,4623.28,3,Loyal
17401,541,1,114.85,0,Lost
17402,5,23,4635.5599999999995,2,Champions
17403,36,2,382.87,1,At Risk
17404,4,23,47781.12,2,Champions
17405,1,3,1031.41,1,At Risk
17406,333,13,4186.95,3,Loyal
17407,412,1,552.9,0,Lost
17408,163,3,316.09000000000003,0,Lost
17409,185,10,7793.51,3,Loyal
17410,16,5,1214.72,1,At Risk
17411,12,5,1425.38,1,At Risk
17412,3,16,4220.22,2,Champions
17413,405,2,560.14,0,Lost
17414,44,6,2249.52,3,Loyal
17415,80,1,507.84,0,Lost
17416,30,22,17298.45,2,Champions
17417,549,1,164.18,0,Lost
17418,42,3,670.0600000000001,1,At Risk
17419,11,18,6126.25,2,Champions
17420,50,6,953.58,3,Loyal
17421,386,3,1059.41,3,Loyal
17422,16,11,3594.76,2,Champions
17423,46,3,1118.95,1,At Risk
17425,19,2,759.17,1,At Risk
17426,8,13,8077.77,2,Champions
17427,72,1,100.8,0,Lost
17428,1,45,31466.760000000002,2,Champions
17429,128,5,1357.46,3,Loyal
17430,33,4,622.57,1,At Risk
17431,313,1,403.3,0,Lost
17432,18,9,1728.99,2,Champions
17433,88,2,569.96,1,At Risk
17434,2,7,2373.82,2,Champions
17435,411,1,331.35,0,Lost
17436,2,5,534.06,1,At Risk
17437,530,1,369.68,0,Lost
17438,254,5,1422.77,3,Loyal
17439,656,1,325.74,0,Lost
17440,157,4,323.58,0,Lost
17441,732,1,293.35,0,Lost
17442,37,15,4620.3,2,Champions
17443,220,1,534.24,0,Lost
17444,148,3,2940.04,3,Loyal
17446,177,2,120.9,0,Lost
17447,40,2,541.53,1,At Risk
17448,497,46,14523.67,2,Champions
17449,2,13,4868.15,2,Champions
17450,8,51,244784.25,2,Champions
17451,1,7,1721.4,2,Champions
17453,18,2,486.71999999999997,1,At Risk
17454,192,10,1547.94,3,Loyal
17455,204,1,131.7,0,Lost
17456,365,2,975.5600000000001,3,Loyal
17457,127,14,5984.8099999999995,2,Champions
17458,15,2,529.58,1,At Risk
17459,43,2,657.3,1,At Risk
17460,94,16,2157.9700000000003,2,Champions
17461,23,3,735.82,1,At Risk
17462,60,2,675.69,1,At Risk
17463,16,7,2535.26,2,Champions
17464,158,3,907.14,3,Loyal
17465,426,7,2542.79,3,Loyal
17466,10,2,763.28,1,At Risk
17467,395,1,102.6,0,Lost
17468,10,3,194.8,1,At Risk
17469,16,17,5051.25,2,Champions
17470,45,11,2626.47,2,Champions
17471,475,1,321.65000000000003,0,Lost
17472,191,4,922.35,3,Loyal
17473,409,2,607.0,0,Lost
17474,600,1,1047.0,0,Lost
17475,79,1,194.37,0,Lost
17476,396,2,489.86,0,Lost
17477,613,2,1144.3,3,Loyal
17478,408,2,1272.8,3,Loyal
17479,633,1,389.26000000000005,0,Lost
17480,78,2,882.23,1,At Risk
17481,4,4,1255.59,1,At Risk
17482,487,2,775.64,0,Lost
17483,65,4,591.73,1,At Risk
17484,576,2,209.57,0,Lost
17486,261,1,396.87,0,Lost
17487,728,1,160.55,0,Lost
17488,641,1,336.5,0,Lost
17489,59,2,376.64,1,At Risk
17490,1,9,2750.5,2,Champions
17491,1,17,5653.67,2,Champions
17492,248,3,1122.42,3,Loyal
17493,385,1,100.91000000000001,0,Lost
17494,502,1,54.699999999999996,0,Lost
17495,8,3,806.72,1,At Risk
17496,359,4,1412.89,3,Loyal
17497,390,2,287.25,0,Lost
17498,76,1,272.22,0,Lost
17499,290,2,1341.39,3,Loyal
17500,17,3,1138.0,1,At Risk
17501,221,2,288.6,0,Lost
17502,9,4,689.1,1,At Risk
17503,3,2,558.96,1,At Risk
17504,206,18,9490.17,2,Champions
17505,162,5,2435.48,3,Loyal
17506,76,1,302.2,0,Lost
17507,262,2,605.58,0,Lost
17508,281,8,4579.23,3,Loyal
17509,58,8,6083.64,2,Champions
17510,25,2,514.56,1,At Risk
17511,3,60,172132.87,2,Champions
17512,29,18,5467.820000000001,2,Champions
17513,72,3,1158.8,3,Loyal
17514,128,2,522.0,0,Lost
17515,31,9,1602.51,2,Champions
17516,15,6,947.5,1,At Risk
17517,309,1,153.94,0,Lost
17518,426,2,329.42,0,Lost
17519,17,15,4774.17,2,Champions
17520,54,1,546.81,1,At Risk
17521,30,5,1278.06,1,At Risk
17522,2,5,1070.71,1,At Risk
17523,11,4,652.74,1,At Risk
17524,361,3,539.14,0,Lost
17525,360,3,1161.9,3,Loyal
17526,5,12,3939.24,2,Champions
17527,54,4,939.37,1,At Risk
17528,1,8,3628.5,2,Champions
17529,610,2,1240.25,3,Loyal
17530,1,12,2791.69,2,Champions
17531,190,3,1266.82,3,Loyal
17532,386,1,65.34,0,Lost
17533,435,1,34.8,0,Lost
17534,54,5,1668.83,3,Loyal
17535,280,1,164.4,0,Lost
17536,177,3,364.83,0,Lost
17537,30,2,887.67,1,At Risk
17538,26,1,98.42,1,At Risk
17539,618,4,1176.84,3,Loyal
17540,25,6,1590.6000000000001,1,At Risk
17541,510,1,119.86,0,Lost
17542,270,3,340.85,0,Lost
17543,550,1,120.05,0,Lost
17544,390,3,944.82,3,Loyal
17545,43,6,1409.8600000000001,3,Loyal
17547,376,2,727.85,0,Lost
17548,234,4,731.26,3,Loyal
17549,24,2,148.86,1,At Risk
17550,197,9,2506.64,3,Loyal
17551,359,1,290.34,0,Lost
17552,60,12,2786.77,2,Champions
17553,130,4,3757.6,3,Loyal
17554,1,5,1952.45,1,At Risk
17555,20,5,1045.74,1,At Risk
17556,206,2,300.67,0,Lost
17557,14,4,575.46,1,At Risk
17558,393,1,259.17,0,Lost
17559,513,1,167.62,0,Lost
17560,95,8,1895.8,3,Loyal
17561,19,4,703.02,1,At Risk
17562,14,7,1122.38,1,At Risk
17563,578,2,392.38,0,Lost
17564,24,3,454.01,1,At Risk
17565,587,1,131.83,0,Lost
17566,8,2,869.77,1,At Risk
17567,7,9,4838.08,2,Champions
17568,633,1,374.45,0,Lost
17569,332,1,344.14,0,Lost
17570,382,1,100.0,0,Lost
17571,50,5,1630.91,3,Loyal
17572,71,10,652.21,3,Loyal
17573,29,3,380.6,1,At Risk
17574,243,1,185.65,0,Lost
17575,667,1,171.7,0,Lost
17576,8,41,8711.95,2,Champions
17577,645,2,348.75,0,Lost
17578,218,7,1047.33,3,Loyal
17579,5,4,753.28,1,At Risk
17580,253,5,541.02,3,Loyal
17581,1,43,17951.17,2,Champions
17582,236,5,1446.95,3,Loyal
17583,560,1,135.95,0,Lost
17584,7,6,5309.42,2,Champions
17585,109,7,2064.71,3,Loyal
17586,619,1,167.4,0,Lost
17587,628,1,176.71,0,Lost
17588,100,7,2939.55,3,Loyal
17589,60,18,13837.94,2,Champions
17590,2,3,1468.02,1,At Risk
17591,73,8,2339.32,3,Loyal
17592,739,1,148.3,0,Lost
17593,4,11,8092.32,2,Champions
17594,85,4,2497.88,3,Loyal
17595,12,2,386.69,1,At Risk
17596,23,13,4491.46,2,Champions
17597,214,5,3484.09,3,Loyal
17598,381,1,409.98,0,Lost
17599,478,1,52.05,0,Lost
17600,18,1,161.67000000000002,1,At Risk
17601,239,2,413.08,0,Lost
17602,2,14,7354.43,2,Champions
17603,78,4,1788.38,3,Loyal
17604,217,6,942.38,3,Loyal
17605,590,1,160.75,0,Lost
17606,737,1,87.30000000000001,0,Lost
17607,376,1,333.81,0,Lost
17608,33,4,488.06,1,At Risk
17609,41,11,1887.8999999999999,2,Champions
17610,540,5,1511.94,3,Loyal
17611,7,28,8337.53,2,Champions
17612,53,18,5394.86,2,Champions
17613,23,14,4544.55,2,Champions
17614,57,1,386.32,1,At Risk
17615,130,6,721.8,3,Loyal
17616,174,4,734.4,3,Loyal
17617,559,1,385.19,0,Lost
17618,6,11,4001.64,2,Champions
17619,312,1,214.37,0,Lost
17620,60,1,81.44,0,Lost
17621,21,6,3175.12,2,Champions
17622,598,2,1130.21,3,Loyal
17623,33,7,2365.77,2,Champions
17624,15,4,1568.63,1,At Risk
17625,18,8,5978.9,2,Champions
17626,603,1,254.0,0,Lost
17627,479,1,296.36,0,Lost
17628,81,1,75.75,0,Lost
17629,6,10,2455.52,2,Champions
17630,170,2,503.59999999999997,0,Lost
17631,2,7,998.49,1,At Risk
17633,31,7,2057.39,2,Champions
17634,36,9,2358.59,2,Champions
17635,424,3,1265.58,3,Loyal
17636,19,1,285.56,1,At Risk
17637,31,2,547.0600000000001,1,At Risk
17638,647,2,842.4,0,Lost
17639,276,6,615.17,3,Loyal
17640,87,6,3168.94,3,Loyal
17642,120,5,1824.49,3,Loyal
17643,373,2,439.7,0,Lost
17644,1,20,6028.6,2,Champions
17646,219,12,3898.79,3,Loyal
17647,65,3,331.65999999999997,1,At Risk
17648,61,5,2216.37,3,Loyal
17649,138,3,1578.89,3,Loyal
17650,21,1,166.08,1,At Risk
17651,12,16,5703.52,2,Champions
17652,25,12,4867.72,2,Champions
17653,37,4,1207.56,1,At Risk
17654,277,1,117.55,0,Lost
17655,11,9,2976.38,2,Champions
17656,73,5,1674.69,3,Loyal
17657,430,1,126.0,0,Lost
17658,26,2,595.42,1,At Risk
17659,17,14,3586.9900000000002,2,Champions
17660,141,2,342.22,0,Lost
17662,662,2,412.92,0,Lost
17663,26,17,5175.83,2,Champions
17664,19,4,1166.23,1,At Risk
17665,493,1,563.1,0,Lost
17666,4,5,2047.8,1,At Risk
17667,66,9,3950.7,2,Champions
17668,1,2,347.75,1,At Risk
17669,43,10,6142.35,2,Champions
17670,228,1,205.7,0,Lost
17671,16,5,2009.16,1,At Risk
17672,50,7,5778.63,2,Champions
17673,2,13,4173.88,2,Champions
17674,74,2,551.04,1,At Risk
17675,1,70,37642.48,2,Champions
17676,4,10,2448.64,2,Champions
17677,2,54,35058.46,2,Champions
17678,264,2,599.76,0,Lost
17679,53,7,3577.61,3,Loyal
17680,24,3,497.45,1,At Risk
17681,597,5,731.2,3,Loyal
17682,10,11,4065.28,2,Champions
17683,386,3,819.01,3,Loyal
17684,44,1,239.41,1,At Risk
17685,17,12,5454.95,2,Champions
17686,7,9,8296.81,2,Champions
17687,421,1,432.68,0,Lost
17688,394,1,304.2,0,Lost
17689,388,2,317.08,0,Lost
17690,30,20,6963.8,2,Champions
17691,358,4,637.5500000000001,3,Loyal
17692,127,12,2975.8,3,Loyal
17693,137,1,200.47,0,Lost
17694,142,3,1695.97,3,Loyal
17695,132,5,1746.04,3,Loyal
17696,38,27,7679.59,2,Champions
17697,236,1,338.95,0,Lost
17698,261,1,154.95,0,Lost
17699,477,2,442.0,0,Lost
17700,17,14,6679.97,2,Champions
17701,253,1,417.95,0,Lost
17702,30,6,3144.04,2,Champions
17703,35,4,1094.84,1,At Risk
17704,169,2,885.19,3,Loyal
17705,3,11,2083.9,2,Champions
17706,4,31,20272.15,2,Champions
17707,185,8,609.3000000000001,3,Loyal
17708,188,4,884.1800000000001,3,Loyal
17709,170,5,671.01,3,Loyal
17710,424,1,293.5,0,Lost
17711,11,2,385.1,1,At Risk
17712,45,1,522.91,1,At Risk
17713,382,4,1198.09,3,Loyal
17714,321,5,1410.18,3,Loyal
17715,201,2,489.59999999999997,0,Lost
17716,23,24,15956.97,2,Champions
17717,421,1,376.92,0,Lost
17718,232,2,439.18,0,Lost
17719,38,15,5396.04,2,Champions
17720,26,10,2666.91,2,Champions
17721,659,1,307.21000000000004,0,Lost
17722,96,5,3520.2200000000003,3,Loyal
17723,127,7,3378.4000000000005,3,Loyal
17724,71,3,1033.0,3,Loyal
17725,16,11,3439.08,2,Champions
17726,395,7,1092.06,3,Loyal
17727,15,1,1060.25,1,At Risk
17728,4,5,4238.76,2,Champions
17729,596,1,438.65000000000003,0,Lost
17730,3,20,7773.8,2,Champions
17731,79,6,1708.99,3,Loyal
17732,373,8,2166.42,3,Loyal
17733,39,2,692.19,1,At Risk
17734,54,6,1442.32,3,Loyal
17735,2,26,16790.33,2,Champions
17736,9,3,377.44,1,At Risk
17737,9,2,168.24,1,At Risk
17738,19,13,4183.56,2,Champions
17739,12,18,7730.59,2,Champions
17740,389,6,426.9,3,Loyal
17741,407,2,101.1,0,Lost
17742,113,11,2098.48,3,Loyal
17743,448,1,229.2,0,Lost
17744,4,7,2649.14,2,Champions
17745,478,2,600.34,0,Lost
17746,240,4,904.1800000000001,3,Loyal
17747,113,1,71.4,0,Lost
17748,527,1,358.15,0,Lost
17749,178,3,1026.18,3,Loyal
17750,5,9,1710.45,2,Champions
17751,421,1,157.85999999999999,0,Lost
17752,359,1,80.64,0,Lost
17753,464,4,382.06,0,Lost
17754,1,13,4451.22,2,Champions
17756,376,3,728.75,3,Loyal
17757,1,56,9074.05,2,Champions
17758,19,12,4964.03,2,Champions
17759,17,5,1261.88,1,At Risk
17760,22,6,746.39,1,At Risk
17761,33,1,712.78,1,At Risk
17762,456,1,129.75,0,Lost
17763,263,4,86.15,0,Lost
17764,51,5,1513.57,3,Loyal
17765,159,4,524.0,3,Loyal
17766,381,2,299.61,0,Lost
17767,15,2,413.05,1,At Risk
17768,8,7,3292.73,2,Champions
17769,13,17,7053.38,2,Champions
17770,199,5,1143.27,3,Loyal
17771,57,4,387.41,1,At Risk
17772,11,3,360.75,1,At Risk
17773,514,2,575.37,0,Lost
17774,97,9,3273.83,3,Loyal
17775,255,1,56.4,0,Lost
17776,387,2,330.56,0,Lost
17777,25,3,647.56,1,At Risk
17778,662,1,197.70000000000002,0,Lost
17779,21,3,650.32,1,At Risk
17780,667,3,346.56,0,Lost
17781,159,2,188.02,0,Lost
17782,383,2,679.02,0,Lost
17783,72,3,376.96,1,At Risk
17784,550,1,112.86,0,Lost
17785,53,3,403.38,1,At Risk
17786,85,2,266.85,0,Lost
17787,153,4,1817.54,3,Loyal
17788,74,2,1117.9,1,At Risk
17789,281,2,397.15,0,Lost
17790,27,20,2779.41,2,Champions
17791,30,1,106.1,1,At Risk
17792,467,2,368.35,0,Lost
17793,25,1,300.34,1,At Risk
17794,687,2,147.3,0,Lost
17795,180,2,342.83,0,Lost
17796,40,7,1236.39,3,Loyal
17797,22,8,1971.87,2,Champions
17798,582,1,178.07,0,Lost
17799,22,20,6246.93,2,Champions
17800,37,9,1187.21,3,Loyal
17801,451,3,770.03,3,Loyal
17802,82,10,4946.22,2,Champions
17803,392,1,184.66,0,Lost
17804,376,3,383.78000000000003,0,Lost
17805,74,2,927.03,1,At Risk
17806,11,1,546.04,1,At Risk
17807,395,3,437.87,0,Lost
17808,549,4,262.64,0,Lost
17809,16,20,10085.89,2,Champions
17810,669,2,373.16,0,Lost
17811,4,47,9519.8,2,Champions
17812,13,7,911.99,1,At Risk
17813,14,5,1698.07,1,At Risk
17814,375,2,1609.37,3,Loyal
17815,393,1,591.96,0,Lost
17816,37,6,96.11,1,At Risk
17817,4,6,788.15,1,At Risk
17818,738,1,124.78,0,Lost
17819,72,12,6021.05,2,Champions
17820,374,1,180.60999999999999,0,Lost
17821,406,1,334.62,0,Lost
17822,420,5,2162.93,3,Loyal
17823,421,2,449.25,0,Lost
17824,51,1,298.4,1,At Risk
17825,599,4,701.96,3,Loyal
17826,374,1,133.34,0,Lost
17827,5,6,2376.17,2,Champions
17828,23,4,1820.09,1,At Risk
17829,299,5,4756.74,3,Loyal
17830,2,3,398.7,1,At Risk
17831,33,1,35.400000000000006,0,Lost
17832,50,1,155.37,0,Lost
17833,723,1,338.46000000000004,0,Lost
17834,415,2,689.6700000000001,0,Lost
17835,3,3,342.24,1,At Risk
17836,47,1,110.21000000000001,0,Lost
17837,42,8,1541.23,3,Loyal
17838,27,13,5604.64,2,Champions
17839,42,1,318.15,1,At Risk
17840,444,1,175.9,0,Lost
17841,2,211,68545.25,2,Champions
17842,602,1,430.69,0,Lost
17843,303,2,320.4,0,Lost
17844,107,1,51.559999999999995,0,Lost
17845,555,4,596.09,3,Loyal
17846,85,1,2033.1,3,Loyal
17847,516,2,129.69,0,Lost
17848,81,30,3559.11,2,Champions
17849,218,8,1063.76,3,Loyal
17850,372,155,51208.87,2,Champions
17851,422,6,1552.35,3,Loyal
17852,12,5,657.8100000000001,1,At Risk
17853,407,3,1596.29,3,Loyal
17854,185,6,1068.5,3,Loyal
17855,373,1,208.97,0,Lost
17856,2,4,1418.03,1,At Risk
17857,4,24,27347.04,2,Champions
17858,6,30,12518.65,2,Champions
17859,305,1,141.92000000000002,0,Lost
17860,369,4,717.39,3,Loyal
17861,3,18,5088.29,2,Champions
17862,324,4,1254.89,3,Loyal
17863,59,12,5360.48,2,Champions
17864,13,5,876.57,1,At Risk
17865,31,46,26312.190000000002,2,Champions
17866,143,3,1134.95,3,Loyal
17867,30,15,1582.0500000000002,2,Champions
17868,386,1,227.15,0,Lost
17869,107,7,813.64,3,Loyal
17870,2,13,2753.29,2,Champions
17871,205,5,1068.95,3,Loyal
17872,382,1,235.87,0,Lost
17873,80,18,6265.33,2,Champions
17874,185,6,683.46,3,Loyal
17875,688,1,167.1,0,Lost
17876,400,3,3424.02,3,Loyal
17877,170,1,237.61,0,Lost
17878,44,3,1378.93,1,At Risk
17879,174,1,178.51999999999998,0,Lost
17880,365,3,824.9200000000001,3,Loyal
17881,304,1,133.35000000000002,0,Lost
17882,379,2,291.56,0,Lost
17883,3,7,988.42,1,At Risk
17884,4,20,2698.47,2,Champions
17885,12,1,156.34,1,At Risk
17886,32,6,1572.55,1,At Risk
17887,129,1,111.35,0,Lost
17888,21,25,1807.44,2,Champions
17889,212,7,746.42,3,Loyal
17890,323,2,586.89,0,Lost
17891,162,1,203.85999999999999,0,Lost
17892,56,3,244.1,1,At Risk
17893,225,1,107.21,0,Lost
17894,72,18,2304.58,2,Champions
17895,44,1,95.45,0,Lost
17896,23,1,256.32,1,At Risk
17897,173,9,2099.89,3,Loyal
17898,85,4,299.18,1,At Risk
17899,159,1,154.55,0,Lost
17900,190,2,112.19999999999999,0,Lost
17901,29,3,260.08,1,At Risk
17902,547,1,216.39999999999998,0,Lost
17903,394,1,381.09000000000003,0,Lost
17904,21,1,181.07,1,At Risk
17905,71,13,2178.87,2,Champions
17906,247,1,72.9,0,Lost
17907,641,1,291.76,0,Lost
17908,374,5,1142.47,3,Loyal
17909,737,1,110.05,0,Lost
17910,726,1,261.7,0,Lost
17911,9,1,366.23,1,At Risk
17912,310,6,374.55,3,Loyal
17913,59,14,3429.29,2,Champions
17914,4,1,329.36,1,At Risk
17915,551,1,225.78,0,Lost
17916,629,2,43.87,0,Lost
17917,45,3,335.03,1,At Risk
17918,501,3,396.39,0,Lost
17919,88,2,1840.32,3,Loyal
17920,4,54,23581.78,2,Champions
17921,64,10,2394.36,3,Loyal
17922,543,1,170.4,0,Lost
17923,282,3,497.0,0,Lost
17924,12,8,3257.7000000000003,2,Champions
17925,373,1,244.08,0,Lost
17926,133,5,1035.49,3,Loyal
17927,722,1,294.0,0,Lost
17928,45,3,341.24,1,At Risk
17929,11,12,3082.1,2,Champions
17930,36,13,4275.22,2,Champions
17931,134,14,3402.24,3,Loyal
17932,29,3,1331.57,1,At Risk
17933,632,1,114.69,0,Lost
17934,52,3,1049.15,1,At Risk
17935,138,7,686.14,3,Loyal
17936,5,1,380.13,1,At Risk
17937,9,7,4301.22,2,Champions
17938,420,1,144.29,0,Lost
17939,160,1,99.14,0,Lost
17940,49,16,30306.79,2,Champions
17941,131,4,1433.28,3,Loyal
17942,8,1,77.50000000000001,1,At Risk
17944,423,1,74.99,0,Lost
17945,697,3,360.35,0,Lost
17946,233,2,149.57999999999998,0,Lost
17947,37,1,176.68,1,At Risk
17948,147,1,358.56000000000006,0,Lost
17949,1,118,117314.08,2,Champions
17950,72,7,1166.29,3,Loyal
17951,40,4,1340.5800000000002,1,At Risk
17952,378,4,788.46,3,Loyal
17953,540,1,159.17000000000002,0,Lost
17954,5,19,3804.38,2,Champions
17955,199,6,949.9,3,Loyal
17956,249,1,12.75,0,Lost
17957,66,1,111.68,0,Lost
17958,117,2,973.88,3,Loyal
17959,592,1,140.75,0,Lost
17960,171,3,135.08,0,Lost
17961,21,100,2866.74,2,Champions
17962,142,4,666.96,3,Loyal
17963,471,4,643.16,3,Loyal
17964,32,2,463.21,1,At Risk
17965,38,29,7006.65,2,Champions
17966,38,10,1963.92,2,Champions
17967,372,2,223.42,0,Lost
17968,374,4,590.4399999999999,3,Loyal
17969,166,20,2354.29,3,Loyal
17970,211,1,562.79,0,Lost
17971,548,1,161.94,0,Lost
17972,242,1,135.19,0,Lost
17973,52,1,337.04,1,At Risk
17974,25,6,1739.09,1,At Risk
17975,15,24,6696.33,2,Champions
17976,372,1,321.79,0,Lost
17977,29,2,1511.45,1,At Risk
17978,365,4,1159.99,3,Loyal
17979,36,4,732.41,1,At Risk
17980,166,4,1012.72,3,Loyal
17981,411,1,239.12,0,Lost
17982,681,1,138.18,0,Lost
17983,395,1,171.71,0,Lost
17984,145,5,1152.19,3,Loyal
17985,22,1,631.35,1,At Risk
17986,56,1,20.8,0,Lost
17987,185,5,965.4399999999999,3,Loyal
17988,12,14,489.54,1,At Risk
17989,379,1,207.32999999999998,0,Lost
17990,237,6,1527.6100000000001,3,Loyal
17991,225,3,300.3,0,Lost
17992,389,1,252.88,0,Lost
17993,617,1,225.99,0,Lost
17994,122,11,2270.0299999999997,3,Loyal
17995,282,3,495.48,0,Lost
17996,380,3,482.33,0,Lost
17997,74,8,1962.46,3,Loyal
17998,380,3,639.24,3,Loyal
17999,37,3,528.46,1,At Risk
18000,564,1,124.25,0,Lost
18001,12,6,924.14,1,At Risk
18002,376,4,244.37,0,Lost
18003,376,1,353.51,0,Lost
18004,362,1,157.92,0,Lost
18005,4,2,226.47,1,At Risk
18006,23,4,969.51,1,At Risk
18007,393,1,215.22,0,Lost
18008,70,23,19759.079999999998,2,Champions
18009,235,8,2144.23,3,Loyal
18010,257,1,174.8,0,Lost
18011,373,2,410.79,0,Lost
18012,723,1,115.3,0,Lost
18013,155,2,187.29,0,Lost
18014,28,1,162.22,1,At Risk
18015,4,1,120.03,1,At Risk
18016,32,7,1954.56,3,Loyal
18017,81,4,688.0,3,Loyal
18018,108,4,297.99,0,Lost
18019,52,1,38.45,0,Lost
18020,544,1,190.48000000000002,0,Lost
18021,510,2,216.41,0,Lost
18022,36,5,1507.25,1,At Risk
18024,153,2,389.78,0,Lost
18025,380,6,1177.72,3,Loyal
18026,501,2,2074.07,3,Loyal
18027,99,1,115.31,0,Lost
18028,583,1,192.05,0,Lost
18029,642,1,433.77,0,Lost
18030,4,2,230.64999999999998,1,At Risk
18031,379,1,451.3,0,Lost
18032,334,1,73.5,0,Lost
18033,65,1,93.82000000000001,0,Lost
18034,22,3,754.2,1,At Risk
18035,36,5,1260.23,1,At Risk
18036,32,11,1545.49,2,Champions
18037,154,15,167.42,3,Loyal
18038,556,1,141.48,0,Lost
18039,374,4,548.22,3,Loyal
18040,19,2,357.20000000000005,1,At Risk
18041,12,38,8018.7699999999995,2,Champions
18042,54,2,281.15,1,At Risk
18043,25,3,529.29,1,At Risk
18044,4,18,3505.61,2,Champions
18045,45,1,178.34,0,Lost
18046,650,1,189.63,0,Lost
18047,381,2,326.09,0,Lost
18048,203,3,394.93,0,Lost
18049,437,2,500.92,0,Lost
18050,359,2,412.06,0,Lost
18051,634,7,2282.28,3,Loyal
18052,565,1,10877.18,3,Loyal
18053,71,3,571.07,1,At Risk
18054,393,1,176.5,0,Lost
18055,7,14,10142.64,2,Champions
18056,288,2,554.6,0,Lost
18057,393,3,1188.46,3,Loyal
18058,10,3,774.06,1,At Risk
18059,23,3,306.46,1,At Risk
18060,408,2,1185.46,3,Loyal
18061,22,28,6083.81,2,Champions
18062,173,6,1632.67,3,Loyal
18063,391,2,186.60000000000002,0,Lost
18064,133,11,4481.83,3,Loyal
18065,6,29,5866.63,2,Champions
18066,75,3,1440.4,3,Loyal
18067,40,1,396.33,1,At Risk
18068,289,1,101.69999999999999,0,Lost
18069,26,11,4464.92,2,Champions
18070,669,1,314.1,0,Lost
18071,258,6,1169.68,3,Loyal
18072,186,1,247.44,0,Lost
18073,114,12,3859.82,3,Loyal
18074,374,2,1019.44,3,Loyal
18075,23,20,5783.29,2,Champions
18076,380,1,151.49,0,Lost
18077,8,18,4078.79,2,Champions
18078,217,4,725.53,3,Loyal
18079,45,5,4203.93,3,Loyal
18080,19,2,1231.5,1,At Risk
18081,36,3,343.45,1,At Risk
18082,26,1,680.84,1,At Risk
18083,398,1,463.53,0,Lost
18084,16,3,795.2299999999999,1,At Risk
18085,330,4,1341.8500000000001,3,Loyal
18086,274,1,101.34,0,Lost
18087,98,17,14761.519999999999,2,Champions
18088,61,1,166.03,0,Lost
18089,447,1,428.45,0,Lost
18090,422,1,321.9,0,Lost
18091,593,1,360.85,0,Lost
18092,2,18,14693.72,2,Champions
18093,93,8,4452.71,3,Loyal
18094,82,13,6391.52,2,Champions
18095,313,5,2303.09,3,Loyal
18096,12,6,1657.87,1,At Risk
18097,8,11,4627.92,2,Champions
18098,396,1,527.94,0,Lost
18099,127,1,168.31,0,Lost
18100,550,1,451.56,0,Lost
18101,11,5,622.01,1,At Risk
18102,1,145,580987.04,2,Champions
18103,549,1,105.8,0,Lost
18104,37,1,754.64,1,At Risk
18105,38,1,113.48000000000002,0,Lost
18106,330,6,1441.06,3,Loyal
18107,442,1,165.88,0,Lost
18108,254,3,848.8100000000001,3,Loyal
18109,2,38,9555.71,2,Champions
18110,20,2,392.28000000000003,1,At Risk
18111,589,1,405.85,0,Lost
18112,12,4,773.36,1,At Risk
18113,369,1,76.32000000000001,0,Lost
18114,290,1,220.1,0,Lost
18115,698,1,9.700000000000001,0,Lost
18116,68,13,2134.4900000000002,2,Champions
18117,26,1,315.65,1,At Risk
18118,11,29,6221.02,2,Champions
18119,368,1,180.7,0,Lost
18120,214,1,111.15,0,Lost
18121,149,2,653.3,0,Lost
18122,8,6,1793.06,1,At Risk
18123,24,3,666.64,1,At Risk
18124,472,1,102.65,0,Lost
18125,30,4,1131.75,1,At Risk
18126,61,1,200.92000000000002,0,Lost
18127,19,4,556.13,1,At Risk
18128,537,1,399.29,0,Lost
18129,243,1,112.55000000000001,0,Lost
18130,15,3,1059.39,1,At Risk
18131,632,1,222.95999999999998,0,Lost
18132,504,1,220.13,0,Lost
18133,212,1,931.4999999999999,0,Lost
18134,598,2,445.0,0,Lost
18135,29,10,1249.6200000000001,2,Champions
18136,63,5,1631.3600000000001,3,Loyal
18137,551,2,145.99,0,Lost
18138,295,1,152.65,0,Lost
18139,18,6,8438.34,2,Champions
18140,474,1,536.41,0,Lost
18141,402,2,882.47,0,Lost
18142,157,2,1019.52,3,Loyal
18143,117,2,1000.16,3,Loyal
18144,8,19,4892.95,2,Champions
18145,13,11,5609.74,2,Champions
18146,141,2,160.35000000000002,0,Lost
18147,46,2,179.33999999999997,1,At Risk
18148,647,1,112.85000000000001,0,Lost
18149,51,7,1553.96,3,Loyal
18150,32,3,566.58,1,At Risk
18151,135,6,1879.44,3,Loyal
18152,646,1,426.69,0,Lost
18153,659,1,246.22,0,Lost
18154,3,5,932.6,1,At Risk
18155,75,3,371.62,1,At Risk
18156,13,2,675.64,1,At Risk
18157,571,1,213.9,0,Lost
18158,9,2,453.4,1,At Risk
18159,301,1,530.15,0,Lost
18160,57,3,1003.88,1,At Risk
18161,15,6,1803.1000000000001,1,At Risk
18162,732,1,371.51,0,Lost
18163,584,1,728.84,0,Lost
18164,37,1,399.65000000000003,1,At Risk
18165,177,1,302.46000000000004,0,Lost
18166,624,1,175.5,0,Lost
18167,23,3,1384.8600000000001,1,At Risk
18168,176,16,3435.5,3,Loyal
18169,61,1,202.65,0,Lost
18170,33,9,2878.0,2,Champions
18171,59,9,2437.31,3,Loyal
18172,15,52,17467.24,2,Champions
18173,87,5,2696.36,3,Loyal
18174,7,2,162.5,1,At Risk
18175,676,1,176.1,0,Lost
18176,358,1,476.35,0,Lost
18177,31,9,2216.32,2,Champions
18178,129,11,6103.74,2,Champions
18179,9,8,2547.55,2,Champions
18180,5,6,1843.75,1,At Risk
18181,24,5,1188.34,1,At Risk
18182,463,1,291.13,0,Lost
18183,227,2,632.07,0,Lost
18184,15,1,49.8,1,At Risk
18185,249,1,304.25,0,Lost
18186,723,1,329.58,0,Lost
18187,632,1,724.89,0,Lost
18188,15,6,3280.59,2,Champions
18189,78,3,1403.73,3,Loyal
18190,192,5,745.62,3,Loyal
18191,262,2,529.4,0,Lost
18192,72,1,957.97,1,At Risk
18193,165,3,1207.35,3,Loyal
18194,82,6,4162.04,3,Loyal
18195,387,1,101.16,0,Lost
18196,95,4,1457.19,3,Loyal
18197,576,1,230.1,0,Lost
18198,4,17,5425.56,2,Champions
18199,684,1,344.75,0,Lost
18200,106,1,150.35,0,Lost
18201,723,1,447.53000000000003,0,Lost
18202,200,3,1396.99,3,Loyal
18203,157,4,492.52,3,Loyal
18204,71,3,1975.35,3,Loyal
18205,36,2,517.36,1,At Risk
18206,553,1,314.65999999999997,0,Lost
18207,499,1,544.47,0,Lost
18208,566,1,360.08,0,Lost
18209,29,1,139.10000000000002,1,At Risk
18210,2,7,2768.83,2,Champions
18211,26,5,600.07,1,At Risk
18212,326,2,514.37,0,Lost
18213,237,1,232.48000000000002,0,Lost
18214,531,4,1780.34,3,Loyal
18215,89,5,2232.4900000000002,3,Loyal
18216,31,1,481.75,1,At Risk
18217,29,4,945.04,1,At Risk
18218,211,4,1121.84,3,Loyal
18219,3,17,3352.7000000000003,2,Champions
18220,227,6,1921.76,3,Loyal
18221,22,6,1424.94,1,At Risk
18222,93,1,443.0,0,Lost
18223,5,26,14000.85,2,Champions
18224,264,1,158.95000000000002,0,Lost
18225,3,26,13014.8,2,Champions
18226,44,26,11878.88,2,Champions
18227,218,2,388.75,0,Lost
18228,57,2,779.9,1,At Risk
18229,12,28,10150.51,2,Champions
18230,9,9,4291.06,2,Champions
18231,192,28,6854.17,2,Champions
18232,82,4,592.97,3,Loyal
18233,326,1,440.0,0,Lost
18234,552,1,179.6,0,Lost
18235,72,3,1796.48,3,Loyal
18236,30,12,1795.3500000000001,2,Champions
18237,3,5,987.1,1,At Risk
18238,515,1,270.92,0,Lost
18239,219,6,1712.26,3,Loyal
18240,46,1,422.58,1,At Risk
18241,10,21,2986.9900000000002,2,Champions
18242,72,8,3605.21,3,Loyal
18243,414,1,515.78,0,Lost
18244,431,2,568.64,0,Lost
18245,7,20,6324.9800000000005,2,Champions
18246,24,3,758.8199999999999,1,At Risk
18247,415,3,839.73,3,Loyal
18248,123,2,804.02,3,Loyal
18249,17,1,95.34,1,At Risk
18250,310,1,349.27,0,Lost
18251,87,9,26278.86,2,Champions
18252,51,7,1533.69,3,Loyal
18253,643,1,317.88,0,Lost
18254,581,1,267.9,0,Lost
18255,89,2,303.15,0,Lost
18256,388,1,110.7,0,Lost
18257,39,12,4600.15,2,Champions
18258,464,6,2059.67,3,Loyal
18259,25,7,3941.9,2,Champions
18260,173,23,9947.26,2,Champions
18261,43,2,324.24,1,At Risk
18262,140,3,577.54,3,Loyal
18263,26,3,1213.1599999999999,1,At Risk
18264,499,1,603.25,0,Lost
18265,72,2,801.51,1,At Risk
18266,434,1,251.1,0,Lost
18267,673,1,269.37,0,Lost
18268,134,6,1490.23,3,Loyal
18269,366,1,168.6,0,Lost
18270,38,3,444.55,1,At Risk
18271,610,2,680.85,0,Lost
18272,3,9,4385.9800000000005,2,Champions
18273,2,4,357.0,1,At Risk
18274,30,1,175.92,1,At Risk
18275,578,2,741.85,0,Lost
18276,44,6,1656.52,3,Loyal
18277,58,5,1180.05,3,Loyal
18278,74,2,414.20000000000005,1,At Risk
18279,519,1,231.33999999999997,0,Lost
18280,278,2,488.15000000000003,0,Lost
18281,181,2,201.14,0,Lost
18282,8,2,178.05,1,At Risk
18283,4,22,2664.9,2,Champions
18284,432,1,461.68,0,Lost
18285,661,1,427.0,0,Lost
18286,477,2,1296.43,3,Loyal
18287,43,7,4182.99,2,Champions
